,Date,Owner,Daily flying hours,Ranking
0,2019-12-01,,19186.822777777787,1
1,2019-12-01,United Airlines Inc,5868.423611111108,2
2,2019-12-01,American Airlines Inc,5201.518333333335,3
3,2019-12-01,Delta Air Lines Inc,5148.283333333331,4
4,2019-12-02,,21164.95277777776,1
5,2019-12-02,United Airlines Inc,6493.681388888887,2
6,2019-12-02,Delta Air Lines Inc,5997.789444444449,3
7,2019-12-02,American Airlines Inc,5759.174999999994,4
8,2019-12-03,,20915.69944444445,1
9,2019-12-03,United Airlines Inc,6314.147499999999,2
10,2019-12-03,American Airlines Inc,5634.597222222229,3
11,2019-12-03,Delta Air Lines Inc,5409.908611111113,4
12,2019-12-04,,21810.22333333334,1
13,2019-12-04,United Airlines Inc,6000.458333333334,2
14,2019-12-04,American Airlines Inc,5483.0583333333325,3
15,2019-12-04,Delta Air Lines Inc,5295.488333333329,4
16,2019-12-05,,22341.651111111118,1
17,2019-12-05,United Airlines Inc,6005.01777777778,2
18,2019-12-05,American Airlines Inc,5542.220555555554,3
19,2019-12-05,Delta Air Lines Inc,5366.817777777777,4
20,2019-12-06,,22824.670000000035,1
21,2019-12-06,United Airlines Inc,5980.282500000003,2
22,2019-12-06,American Airlines Inc,5622.225555555553,3
23,2019-12-06,Delta Air Lines Inc,5482.928611111113,4
24,2019-12-07,,22024.796666666694,1
25,2019-12-07,United Airlines Inc,5640.14138888889,2
26,2019-12-07,American Airlines Inc,5280.878333333329,3
27,2019-12-07,Delta Air Lines Inc,4802.84638888889,4
28,2019-12-08,,22357.94166666668,1
29,2019-12-08,United Airlines Inc,5668.6224999999995,2
30,2019-12-08,American Airlines Inc,5038.909999999997,3
31,2019-12-08,Delta Air Lines Inc,4485.230277777778,4
32,2019-12-09,,22175.16194444446,1
33,2019-12-09,United Airlines Inc,5959.443611111114,2
34,2019-12-09,Delta Air Lines Inc,5547.056666666666,3
35,2019-12-09,American Airlines Inc,5532.1177777777775,4
36,2019-12-10,,21459.628611111104,1
37,2019-12-10,United Airlines Inc,6043.365555555558,2
38,2019-12-10,Delta Air Lines Inc,5503.811944444445,3
39,2019-12-10,American Airlines Inc,5337.564444444444,4
40,2019-12-11,,22513.102222222242,1
41,2019-12-11,United Airlines Inc,5904.4536111111165,2
42,2019-12-11,Delta Air Lines Inc,5239.139722222222,3
43,2019-12-11,American Airlines Inc,5131.349166666663,4
44,2019-12-12,,22929.68083333333,1
45,2019-12-12,United Airlines Inc,6077.326111111113,2
46,2019-12-12,American Airlines Inc,5586.687499999998,3
47,2019-12-12,Delta Air Lines Inc,5543.469166666666,4
48,2019-12-13,,20266.556111111102,1
49,2019-12-13,United Airlines Inc,5455.421666666663,2
50,2019-12-13,American Airlines Inc,5070.941944444439,3
51,2019-12-13,Delta Air Lines Inc,4986.569444444442,4
52,2019-12-15,,22383.0733333333,1
53,2019-12-15,United Airlines Inc,5578.682222222222,2
54,2019-12-15,American Airlines Inc,5154.136111111111,3
55,2019-12-15,Delta Air Lines Inc,4549.086388888891,4
56,2019-12-16,,23274.711111111174,1
57,2019-12-16,United Airlines Inc,6247.040277777779,2
58,2019-12-16,American Airlines Inc,5836.6699999999955,3
59,2019-12-16,Delta Air Lines Inc,5707.871666666666,4
60,2019-12-17,,19595.68222222224,1
61,2019-12-17,United Airlines Inc,5459.417500000001,2
62,2019-12-17,Delta Air Lines Inc,4946.829999999995,3
63,2019-12-17,American Airlines Inc,4863.267500000002,4
64,2019-12-18,,22882.03277777775,1
65,2019-12-18,United Airlines Inc,5815.643055555555,2
66,2019-12-18,Delta Air Lines Inc,5453.318888888884,3
67,2019-12-18,American Airlines Inc,5324.917222222222,4
68,2019-12-19,,24374.995277777754,1
69,2019-12-19,United Airlines Inc,6188.726944444445,2
70,2019-12-19,American Airlines Inc,6013.534444444444,3
71,2019-12-19,Delta Air Lines Inc,5605.479722222224,4
72,2019-12-20,,25129.520833333278,1
73,2019-12-20,United Airlines Inc,6796.962777777779,2
74,2019-12-20,American Airlines Inc,6096.991388888888,3
75,2019-12-20,Delta Air Lines Inc,5734.295277777776,4
76,2019-12-21,,21057.908888888902,1
77,2019-12-21,United Airlines Inc,5756.55222222222,2
78,2019-12-21,American Airlines Inc,5480.1224999999995,3
79,2019-12-21,Delta Air Lines Inc,4942.195555555556,4
80,2019-12-22,,23792.130277777767,1
81,2019-12-22,United Airlines Inc,6551.330555555556,2
82,2019-12-22,American Airlines Inc,6091.226111111111,3
83,2019-12-22,Delta Air Lines Inc,5890.141666666666,4
84,2019-12-23,,23385.745833333316,1
85,2019-12-23,United Airlines Inc,6701.943055555554,2
86,2019-12-23,American Airlines Inc,6126.566111111111,3
87,2019-12-23,Delta Air Lines Inc,6041.1122222222275,4
88,2019-12-24,,20584.90916666669,1
89,2019-12-24,United Airlines Inc,6333.016666666663,2
90,2019-12-24,American Airlines Inc,5828.458055555562,3
91,2019-12-24,Wells Fargo Trust Co Na Trustee,4928.855833333331,4
92,2019-12-25,,17860.692222222187,1
93,2019-12-25,United Airlines Inc,5162.609444444446,2
94,2019-12-25,American Airlines Inc,4551.807222222222,3
95,2019-12-25,Wells Fargo Trust Co Na Trustee,4144.152500000004,4
96,2019-12-26,,22478.87666666667,1
97,2019-12-26,United Airlines Inc,6206.270000000006,2
98,2019-12-26,American Airlines Inc,5680.7202777777775,3
99,2019-12-26,Delta Air Lines Inc,5025.002222222218,4
100,2019-12-27,,20705.996111111104,1
101,2019-12-27,United Airlines Inc,5811.631944444441,2
102,2019-12-27,American Airlines Inc,5677.147777777778,3
103,2019-12-27,Delta Air Lines Inc,5235.8825000000015,4
104,2019-12-28,,23851.733333333308,1
105,2019-12-28,United Airlines Inc,6323.594166666664,2
106,2019-12-28,American Airlines Inc,6046.500833333332,3
107,2019-12-28,Delta Air Lines Inc,5829.073333333334,4
108,2019-12-29,,23878.86055555557,1
109,2019-12-29,United Airlines Inc,6515.740833333333,2
110,2019-12-29,American Airlines Inc,6171.635555555557,3
111,2019-12-29,Delta Air Lines Inc,5809.370000000001,4
112,2019-12-30,,23388.578611111123,1
113,2019-12-30,United Airlines Inc,6413.591111111113,2
114,2019-12-30,American Airlines Inc,6104.453611111108,3
115,2019-12-30,Delta Air Lines Inc,5812.4075,4
116,2019-12-31,,20764.48083333332,1
117,2019-12-31,United Airlines Inc,6255.897777777777,2
118,2019-12-31,American Airlines Inc,6057.398888888889,3
119,2019-12-31,Delta Air Lines Inc,4957.445277777775,4
120,2020-01-01,,18425.894444444457,1
121,2020-01-01,United Airlines Inc,5583.164722222216,2
122,2020-01-01,American Airlines Inc,5251.860000000006,3
123,2020-01-01,Wells Fargo Trust Co Na Trustee,4324.976944444447,4
124,2020-01-02,,18136.82944444447,1
125,2020-01-02,United Airlines Inc,5792.550555555554,2
126,2020-01-02,American Airlines Inc,5552.462777777773,3
127,2020-01-02,Southwest Airlines Co,4402.109722222222,4
128,2020-01-03,,20852.286666666638,1
129,2020-01-03,United Airlines Inc,6579.0274999999965,2
130,2020-01-03,American Airlines Inc,6162.513333333325,3
131,2020-01-03,Delta Air Lines Inc,5432.606666666665,4
132,2020-01-04,,21315.74694444443,1
133,2020-01-04,United Airlines Inc,6400.703333333333,2
134,2020-01-04,American Airlines Inc,6106.31583333333,3
135,2020-01-04,Delta Air Lines Inc,5235.926666666668,4
136,2020-01-05,,21296.281666666684,1
137,2020-01-05,United Airlines Inc,6566.338055555554,2
138,2020-01-05,American Airlines Inc,6151.05861111111,3
139,2020-01-05,Delta Air Lines Inc,5250.112777777778,4
140,2020-01-06,,20843.85194444446,1
141,2020-01-06,United Airlines Inc,6549.301666666673,2
142,2020-01-06,American Airlines Inc,6093.649166666665,3
143,2020-01-06,Delta Air Lines Inc,5801.606666666668,4
144,2020-01-07,,16984.641944444447,1
145,2020-01-07,United Airlines Inc,5177.251111111111,2
146,2020-01-07,Delta Air Lines Inc,4992.650555555553,3
147,2020-01-07,American Airlines Inc,4891.921666666667,4
148,2020-01-08,,19260.831666666694,1
149,2020-01-08,United Airlines Inc,5598.010555555558,2
150,2020-01-08,Delta Air Lines Inc,5347.059722222223,3
151,2020-01-08,American Airlines Inc,4974.796666666666,4
152,2020-01-09,,20004.893611111107,1
153,2020-01-09,United Airlines Inc,5894.761944444449,2
154,2020-01-09,American Airlines Inc,5689.625555555558,3
155,2020-01-09,Delta Air Lines Inc,5664.24722222222,4
156,2020-01-10,,21098.49111111113,1
157,2020-01-10,United Airlines Inc,6109.854722222219,2
158,2020-01-10,Delta Air Lines Inc,6031.995555555561,3
159,2020-01-10,American Airlines Inc,5773.691666666665,4
160,2020-01-11,,20465.354722222193,1
161,2020-01-11,United Airlines Inc,5858.193888888891,2
162,2020-01-11,Delta Air Lines Inc,5422.384722222221,3
163,2020-01-11,American Airlines Inc,5186.632777777781,4
164,2020-01-12,,17857.470277777746,1
165,2020-01-12,United Airlines Inc,4792.633888888888,2
166,2020-01-12,American Airlines Inc,4666.868055555558,3
167,2020-01-12,Delta Air Lines Inc,4469.711666666666,4
168,2020-01-13,,20132.128333333356,1
169,2020-01-13,United Airlines Inc,5957.6611111111115,2
170,2020-01-13,Delta Air Lines Inc,5906.390000000003,3
171,2020-01-13,American Airlines Inc,5740.196666666665,4
172,2020-01-14,,19129.615833333348,1
173,2020-01-14,United Airlines Inc,5831.57861111111,2
174,2020-01-14,Delta Air Lines Inc,5703.568611111113,3
175,2020-01-14,American Airlines Inc,5340.836388888892,4
176,2020-01-15,,19763.348611111098,1
177,2020-01-15,United Airlines Inc,5647.807222222222,2
178,2020-01-15,Delta Air Lines Inc,5529.011666666669,3
179,2020-01-15,American Airlines Inc,5017.0838888888875,4
180,2020-01-16,,20140.6102777778,1
181,2020-01-16,Delta Air Lines Inc,5673.337777777779,2
182,2020-01-16,United Airlines Inc,5634.16972222222,3
183,2020-01-16,American Airlines Inc,5588.066944444448,4
184,2020-01-17,,20612.48583333333,1
185,2020-01-17,United Airlines Inc,5975.035277777775,2
186,2020-01-17,Delta Air Lines Inc,5864.08361111111,3
187,2020-01-17,American Airlines Inc,5706.406944444443,4
188,2020-01-18,,18726.3613888889,1
189,2020-01-18,United Airlines Inc,4992.265277777778,2
190,2020-01-18,American Airlines Inc,4726.113333333333,3
191,2020-01-18,Delta Air Lines Inc,4497.947499999999,4
192,2020-01-19,,17871.1983333333,1
193,2020-01-19,United Airlines Inc,4662.491944444444,2
194,2020-01-19,American Airlines Inc,4502.481388888889,3
195,2020-01-19,Delta Air Lines Inc,3930.132777777778,4
196,2020-01-20,,20503.769999999997,1
197,2020-01-20,United Airlines Inc,5775.932222222224,2
198,2020-01-20,American Airlines Inc,5601.109166666665,3
199,2020-01-20,Delta Air Lines Inc,4992.97805555556,4
200,2020-01-21,,17112.627222222218,1
201,2020-01-21,United Airlines Inc,5043.43,2
202,2020-01-21,Delta Air Lines Inc,5034.311388888886,3
203,2020-01-21,American Airlines Inc,4759.73111111111,4
204,2020-01-22,,19414.775277777804,1
205,2020-01-22,United Airlines Inc,5672.246666666665,2
206,2020-01-22,Delta Air Lines Inc,5495.1519444444475,3
207,2020-01-22,American Airlines Inc,4945.3141666666625,4
208,2020-01-23,,20287.886666666647,1
209,2020-01-23,United Airlines Inc,5746.094166666667,2
210,2020-01-23,Delta Air Lines Inc,5673.228333333331,3
211,2020-01-23,American Airlines Inc,5530.070277777781,4
212,2020-01-24,,21375.09499999999,1
213,2020-01-24,United Airlines Inc,5997.232777777776,2
214,2020-01-24,Delta Air Lines Inc,5896.136944444452,3
215,2020-01-24,American Airlines Inc,5654.948055555558,4
216,2020-01-25,,17205.76527777777,1
217,2020-01-25,United Airlines Inc,5056.013333333333,2
218,2020-01-25,American Airlines Inc,4715.1302777777755,3
219,2020-01-25,Delta Air Lines Inc,4664.412500000003,4
220,2020-01-26,,20211.28055555559,1
221,2020-01-26,United Airlines Inc,5351.864722222223,2
222,2020-01-26,American Airlines Inc,5181.517222222221,3
223,2020-01-26,Delta Air Lines Inc,4869.106666666667,4
224,2020-01-27,,20353.905,1
225,2020-01-27,United Airlines Inc,5875.8411111111145,2
226,2020-01-27,Delta Air Lines Inc,5843.330833333334,3
227,2020-01-27,American Airlines Inc,5459.201944444448,4
228,2020-01-28,,19602.35611111114,1
229,2020-01-28,United Airlines Inc,5785.345277777776,2
230,2020-01-28,Delta Air Lines Inc,5580.653055555556,3
231,2020-01-28,American Airlines Inc,5209.270833333336,4
232,2020-01-29,,19905.160555555536,1
233,2020-01-29,United Airlines Inc,5698.909166666669,2
234,2020-01-29,Delta Air Lines Inc,5487.387777777783,3
235,2020-01-29,American Airlines Inc,4914.528888888885,4
236,2020-01-30,,17326.858055555567,1
237,2020-01-30,United Airlines Inc,5127.76361111111,2
238,2020-01-30,American Airlines Inc,5068.143611111106,3
239,2020-01-30,Delta Air Lines Inc,4969.140555555555,4
240,2020-01-31,,20667.55472222226,1
241,2020-01-31,United Airlines Inc,5883.944999999996,2
242,2020-01-31,Delta Air Lines Inc,5834.959166666671,3
243,2020-01-31,American Airlines Inc,5634.749722222228,4
244,2020-02-01,,22426.798611111106,1
245,2020-02-01,United Airlines Inc,5783.384444444446,2
246,2020-02-01,American Airlines Inc,5346.102777777778,3
247,2020-02-01,Delta Air Lines Inc,5317.596944444441,4
248,2020-02-02,,22694.11555555558,1
249,2020-02-02,United Airlines Inc,5602.9858333333295,2
250,2020-02-02,American Airlines Inc,5092.884166666667,3
251,2020-02-02,Delta Air Lines Inc,4472.330000000001,4
252,2020-02-03,,22788.716388888883,1
253,2020-02-03,United Airlines Inc,6091.523055555553,2
254,2020-02-03,American Airlines Inc,5665.365277777781,3
255,2020-02-03,Delta Air Lines Inc,5231.571944444442,4
256,2020-02-04,,21283.184722222235,1
257,2020-02-04,United Airlines Inc,5890.836388888887,2
258,2020-02-04,Delta Air Lines Inc,5510.520277777778,3
259,2020-02-04,American Airlines Inc,5165.648888888889,4
260,2020-02-05,,21849.793888888886,1
261,2020-02-05,United Airlines Inc,5552.308611111107,2
262,2020-02-05,Delta Air Lines Inc,5414.725833333337,3
263,2020-02-05,American Airlines Inc,4900.402222222224,4
264,2020-02-06,,22945.02694444447,1
265,2020-02-06,United Airlines Inc,5550.593333333332,2
266,2020-02-06,Delta Air Lines Inc,5362.297500000003,3
267,2020-02-06,American Airlines Inc,5167.574166666663,4
268,2020-02-07,,22984.507222222204,1
269,2020-02-07,Delta Air Lines Inc,6049.992222222224,2
270,2020-02-07,United Airlines Inc,5735.742499999996,3
271,2020-02-07,American Airlines Inc,5234.96972222222,4
272,2020-02-08,,22774.705277777794,1
273,2020-02-08,United Airlines Inc,5648.207222222225,2
274,2020-02-08,Delta Air Lines Inc,5423.409722222222,3
275,2020-02-08,American Airlines Inc,5303.1191666666655,4
276,2020-02-09,,21706.54972222223,1
277,2020-02-09,United Airlines Inc,5173.295833333331,2
278,2020-02-09,American Airlines Inc,4924.90111111111,3
279,2020-02-09,Delta Air Lines Inc,4741.503611111108,4
280,2020-02-10,,21689.23777777784,1
281,2020-02-10,Delta Air Lines Inc,5923.0805555555535,2
282,2020-02-10,United Airlines Inc,5756.306388888891,3
283,2020-02-10,American Airlines Inc,5656.002777777778,4
284,2020-02-11,,21019.644999999986,1
285,2020-02-11,United Airlines Inc,5731.703333333329,2
286,2020-02-11,Delta Air Lines Inc,5531.808055555556,3
287,2020-02-11,American Airlines Inc,5328.256111111106,4
288,2020-02-12,,21860.432499999974,1
289,2020-02-12,United Airlines Inc,5644.447222222221,2
290,2020-02-12,Delta Air Lines Inc,5429.59,3
291,2020-02-12,American Airlines Inc,4904.196388888887,4
292,2020-02-13,,22721.662222222243,1
293,2020-02-13,United Airlines Inc,5712.645833333332,2
294,2020-02-13,Delta Air Lines Inc,5567.432500000001,3
295,2020-02-13,American Airlines Inc,5268.251944444442,4
296,2020-02-14,,20889.80972222219,1
297,2020-02-14,United Airlines Inc,5671.161944444443,2
298,2020-02-14,Delta Air Lines Inc,5309.250555555558,3
299,2020-02-14,American Airlines Inc,5208.756666666662,4
300,2020-02-15,,22425.025555555538,1
301,2020-02-15,United Airlines Inc,5794.234444444444,2
302,2020-02-15,American Airlines Inc,5472.016666666665,3
303,2020-02-15,Delta Air Lines Inc,5065.277499999998,4
304,2020-02-16,,23010.075833333318,1
305,2020-02-16,United Airlines Inc,5558.15111111111,2
306,2020-02-16,American Airlines Inc,5404.700277777776,3
307,2020-02-16,Wells Fargo Trust Co Na Trustee,4374.304999999996,4
308,2020-02-17,,22971.045000000006,1
309,2020-02-17,United Airlines Inc,6085.07944444444,2
310,2020-02-17,American Airlines Inc,5707.300555555551,3
311,2020-02-17,Delta Air Lines Inc,5195.756666666668,4
312,2020-02-18,,21314.498333333337,1
313,2020-02-18,United Airlines Inc,6100.264444444443,2
314,2020-02-18,Delta Air Lines Inc,5596.426388888885,3
315,2020-02-18,American Airlines Inc,5551.103055555554,4
316,2020-02-19,,22501.45750000001,1
317,2020-02-19,United Airlines Inc,6024.735555555551,2
318,2020-02-19,American Airlines Inc,5558.862777777777,3
319,2020-02-19,Delta Air Lines Inc,5556.69388888889,4
320,2020-02-20,,23290.441666666666,1
321,2020-02-20,United Airlines Inc,6048.580555555553,2
322,2020-02-20,American Airlines Inc,5678.642222222223,3
323,2020-02-20,Delta Air Lines Inc,5649.800555555553,4
324,2020-02-21,,24130.40888888889,1
325,2020-02-21,United Airlines Inc,6303.752222222223,2
326,2020-02-21,Delta Air Lines Inc,5825.171944444444,3
327,2020-02-21,American Airlines Inc,5692.509722222219,4
328,2020-02-22,,23394.209444444485,1
329,2020-02-22,United Airlines Inc,6107.782777777778,2
330,2020-02-22,American Airlines Inc,5571.48861111111,3
331,2020-02-22,Delta Air Lines Inc,5225.992222222219,4
332,2020-02-23,,23194.038888888874,1
333,2020-02-23,United Airlines Inc,5876.281388888889,2
334,2020-02-23,American Airlines Inc,5436.0394444444455,3
335,2020-02-23,Delta Air Lines Inc,4782.36277777778,4
336,2020-02-24,,23120.060000000005,1
337,2020-02-24,United Airlines Inc,6235.258333333333,2
338,2020-02-24,Delta Air Lines Inc,5887.776388888888,3
339,2020-02-24,American Airlines Inc,5630.23888888889,4
340,2020-02-25,,21835.767499999998,1
341,2020-02-25,United Airlines Inc,6207.708611111109,2
342,2020-02-25,American Airlines Inc,5555.073888888885,3
343,2020-02-25,Delta Air Lines Inc,5497.672500000002,4
344,2020-02-26,,22049.07000000002,1
345,2020-02-26,United Airlines Inc,6044.552222222222,2
346,2020-02-26,American Airlines Inc,5495.176666666667,3
347,2020-02-26,Delta Air Lines Inc,5382.496944444448,4
348,2020-02-27,,23131.36027777774,1
349,2020-02-27,United Airlines Inc,6147.976111111112,2
350,2020-02-27,American Airlines Inc,5833.666944444442,3
351,2020-02-27,Delta Air Lines Inc,5614.579999999996,4
352,2020-02-28,,23879.35944444446,1
353,2020-02-28,United Airlines Inc,6284.975555555552,2
354,2020-02-28,Delta Air Lines Inc,5888.800277777786,3
355,2020-02-28,American Airlines Inc,5692.107777777775,4
356,2020-02-29,,23097.04305555553,1
357,2020-02-29,United Airlines Inc,5962.921388888883,2
358,2020-02-29,American Airlines Inc,5436.724166666665,3
359,2020-02-29,Delta Air Lines Inc,5345.600833333332,4
360,2020-03-01,,23029.815833333316,1
361,2020-03-01,United Airlines Inc,5788.284722222224,2
362,2020-03-01,American Airlines Inc,5391.394166666664,3
363,2020-03-01,Delta Air Lines Inc,4865.118055555557,4
364,2020-03-02,,22527.47277777779,1
365,2020-03-02,United Airlines Inc,6245.373055555554,2
366,2020-03-02,Delta Air Lines Inc,5945.786388888893,3
367,2020-03-02,American Airlines Inc,5689.890277777782,4
368,2020-03-03,,21342.134722222243,1
369,2020-03-03,United Airlines Inc,6100.505277777781,2
370,2020-03-03,Delta Air Lines Inc,5705.885833333338,3
371,2020-03-03,American Airlines Inc,5631.554166666663,4
372,2020-03-04,,22246.32027777778,1
373,2020-03-04,United Airlines Inc,6035.951388888887,2
374,2020-03-04,Delta Air Lines Inc,5583.031388888887,3
375,2020-03-04,American Airlines Inc,5516.196111111111,4
376,2020-03-05,,22834.63805555558,1
377,2020-03-05,United Airlines Inc,6223.126388888887,2
378,2020-03-05,Delta Air Lines Inc,5743.571666666662,3
379,2020-03-05,American Airlines Inc,5714.935555555556,4
380,2020-03-06,,23387.083611111095,1
381,2020-03-06,United Airlines Inc,6333.2805555555615,2
382,2020-03-06,Delta Air Lines Inc,5852.175277777778,3
383,2020-03-06,American Airlines Inc,5751.197222222217,4
384,2020-03-07,,22229.101944444432,1
385,2020-03-07,United Airlines Inc,6391.105833333333,2
386,2020-03-07,American Airlines Inc,5622.176944444447,3
387,2020-03-07,Delta Air Lines Inc,5227.6475,4
388,2020-03-08,,22878.943888888894,1
389,2020-03-08,United Airlines Inc,6423.210555555557,2
390,2020-03-08,American Airlines Inc,5863.206388888883,3
391,2020-03-08,Delta Air Lines Inc,5148.934166666667,4
392,2020-03-09,,21654.333333333307,1
393,2020-03-09,United Airlines Inc,6322.882222222226,2
394,2020-03-09,American Airlines Inc,5988.752777777778,3
395,2020-03-09,Delta Air Lines Inc,5852.279166666667,4
396,2020-03-10,,20425.109722222187,1
397,2020-03-10,United Airlines Inc,6165.665833333334,2
398,2020-03-10,American Airlines Inc,5835.182500000001,3
399,2020-03-10,Delta Air Lines Inc,5591.112777777781,4
400,2020-03-11,,21023.260833333356,1
401,2020-03-11,United Airlines Inc,6185.361111111108,2
402,2020-03-11,American Airlines Inc,5600.445277777775,3
403,2020-03-11,Delta Air Lines Inc,5580.523333333333,4
404,2020-03-12,,21339.30277777778,1
405,2020-03-12,United Airlines Inc,6287.37111111111,2
406,2020-03-12,Delta Air Lines Inc,5855.21722222222,3
407,2020-03-12,American Airlines Inc,5781.312777777775,4
408,2020-03-13,,21608.588333333337,1
409,2020-03-13,United Airlines Inc,6169.492500000001,2
410,2020-03-13,Delta Air Lines Inc,6094.636944444442,3
411,2020-03-13,American Airlines Inc,5855.664166666668,4
412,2020-03-14,,20308.656388888874,1
413,2020-03-14,United Airlines Inc,6198.781111111117,2
414,2020-03-14,Delta Air Lines Inc,5655.066666666667,3
415,2020-03-14,American Airlines Inc,5579.05027777778,4
416,2020-03-15,,19973.452222222208,1
417,2020-03-15,United Airlines Inc,6038.673333333334,2
418,2020-03-15,American Airlines Inc,5623.811111111115,3
419,2020-03-15,Delta Air Lines Inc,5193.855833333337,4
420,2020-03-16,,18940.9513888889,1
421,2020-03-16,United Airlines Inc,6030.037222222223,2
422,2020-03-16,Delta Air Lines Inc,5884.228333333331,3
423,2020-03-16,American Airlines Inc,5586.573333333338,4
424,2020-03-17,,16830.31166666667,1
425,2020-03-17,United Airlines Inc,5912.385555555555,2
426,2020-03-17,American Airlines Inc,5316.109444444448,3
427,2020-03-17,Delta Air Lines Inc,5313.976944444442,4
428,2020-03-18,,16319.083888888887,1
429,2020-03-18,United Airlines Inc,5697.754722222225,2
430,2020-03-18,American Airlines Inc,4821.497777777778,3
431,2020-03-18,Delta Air Lines Inc,4803.948055555555,4
432,2020-03-19,,14961.915555555526,1
433,2020-03-19,United Airlines Inc,5292.957777777775,2
434,2020-03-19,American Airlines Inc,4882.587222222219,3
435,2020-03-19,Delta Air Lines Inc,4755.0824999999995,4
436,2020-03-20,,14284.541111111123,1
437,2020-03-20,United Airlines Inc,5091.251944444446,2
438,2020-03-20,American Airlines Inc,4955.850833333332,3
439,2020-03-20,Delta Air Lines Inc,3993.2336111111144,4
440,2020-03-21,,12707.312777777777,1
441,2020-03-21,United Airlines Inc,4399.83111111111,2
442,2020-03-21,American Airlines Inc,4306.686388888888,3
443,2020-03-21,Wells Fargo Trust Co Na Trustee,3683.4138888888883,4
444,2020-03-22,,10460.554999999998,1
445,2020-03-22,American Airlines Inc,4179.778888888892,2
446,2020-03-22,United Airlines Inc,3579.597222222221,3
447,2020-03-22,Wells Fargo Trust Co Na Trustee,3308.025833333332,4
448,2020-03-23,,8798.918333333333,1
449,2020-03-23,American Airlines Inc,3558.7711111111103,2
450,2020-03-23,Southwest Airlines Co,3305.4627777777787,3
451,2020-03-23,United Airlines Inc,3197.623055555555,4
452,2020-03-24,,8516.59722222223,1
453,2020-03-24,Southwest Airlines Co,3427.338333333332,2
454,2020-03-24,United Airlines Inc,3326.7588888888877,3
455,2020-03-24,American Airlines Inc,3058.0166666666673,4
456,2020-03-25,,7545.932222222225,1
457,2020-03-25,Southwest Airlines Co,3453.256388888891,2
458,2020-03-25,United Airlines Inc,2837.866666666667,3
459,2020-03-25,American Airlines Inc,2649.145555555556,4
460,2020-03-26,,7288.50972222223,1
461,2020-03-26,Southwest Airlines Co,3499.368333333332,2
462,2020-03-26,American Airlines Inc,2733.7772222222216,3
463,2020-03-26,Wells Fargo Trust Co Na Trustee,2379.229166666666,4
464,2020-03-27,,7049.207222222223,1
465,2020-03-27,Southwest Airlines Co,2692.5441666666675,2
466,2020-03-27,American Airlines Inc,2570.9972222222223,3
467,2020-03-27,Delta Air Lines Inc,2479.948055555556,4
468,2020-03-28,,5959.410555555563,1
469,2020-03-28,Southwest Airlines Co,2743.6000000000004,2
470,2020-03-28,American Airlines Inc,2489.368055555556,3
471,2020-03-28,Delta Air Lines Inc,2368.825555555555,4
472,2020-03-29,,5201.48833333333,1
473,2020-03-29,Southwest Airlines Co,2730.3627777777783,2
474,2020-03-29,American Airlines Inc,2559.2730555555563,3
475,2020-03-29,United Airlines Inc,2163.7913888888897,4
476,2020-03-30,,5407.38666666667,1
477,2020-03-30,Southwest Airlines Co,2649.4800000000014,2
478,2020-03-30,American Airlines Inc,2193.3311111111107,3
479,2020-03-30,Delta Air Lines Inc,1945.8283333333325,4
480,2020-03-31,,5864.881944444443,1
481,2020-03-31,Southwest Airlines Co,2541.2400000000007,2
482,2020-03-31,American Airlines Inc,2041.7355555555564,3
483,2020-03-31,Delta Air Lines Inc,1888.0708333333328,4
484,2020-04-01,,5910.240833333332,1
485,2020-04-01,Southwest Airlines Co,2796.916666666668,2
486,2020-04-01,American Airlines Inc,2317.0166666666655,3
487,2020-04-01,Wells Fargo Trust Co Na Trustee,1790.6100000000013,4
488,2020-04-02,,5342.155277777781,1
489,2020-04-02,Southwest Airlines Co,2628.022500000001,2
490,2020-04-02,American Airlines Inc,2367.819722222222,3
491,2020-04-02,Wells Fargo Trust Co Na Trustee,1621.5316666666665,4
492,2020-04-03,,5468.7972222222215,1
493,2020-04-03,Southwest Airlines Co,2621.248333333333,2
494,2020-04-03,American Airlines Inc,2399.15861111111,3
495,2020-04-03,Wells Fargo Trust Co Na Trustee,1692.5813888888893,4
496,2020-04-04,,4349.917222222224,1
497,2020-04-04,Southwest Airlines Co,2713.180277777776,2
498,2020-04-04,American Airlines Inc,2188.6694444444447,3
499,2020-04-04,Wells Fargo Trust Co Na Trustee,1595.9799999999996,4
500,2020-04-05,,4469.181388888887,1
501,2020-04-05,Southwest Airlines Co,2524.6358333333324,2
502,2020-04-05,American Airlines Inc,2404.8405555555555,3
503,2020-04-05,Wells Fargo Trust Co Na Trustee,1445.5399999999997,4
504,2020-04-06,,4858.737222222226,1
505,2020-04-06,Southwest Airlines Co,2713.3650000000002,2
506,2020-04-06,American Airlines Inc,2209.5616666666665,3
507,2020-04-06,Wells Fargo Trust Co Na Trustee,1577.0919444444448,4
508,2020-04-07,,4881.7094444444465,1
509,2020-04-07,Southwest Airlines Co,2543.941388888892,2
510,2020-04-07,American Airlines Inc,1671.6372222222221,3
511,2020-04-07,Federal Express Corp,1634.2183333333323,4
512,2020-04-08,,5448.2572222222225,1
513,2020-04-08,Southwest Airlines Co,2601.3899999999994,2
514,2020-04-08,Federal Express Corp,1756.7627777777775,3
515,2020-04-08,United Airlines Inc,1491.9125,4
516,2020-04-09,,5312.9447222222225,1
517,2020-04-09,Southwest Airlines Co,2551.5522222222226,2
518,2020-04-09,American Airlines Inc,1740.0216666666668,3
519,2020-04-09,Federal Express Corp,1693.0372222222213,4
520,2020-04-10,,4811.875,1
521,2020-04-10,Southwest Airlines Co,2625.9191666666657,2
522,2020-04-10,American Airlines Inc,1610.6030555555553,3
523,2020-04-10,Federal Express Corp,1474.1497222222222,4
524,2020-04-11,,4576.3472222222235,1
525,2020-04-11,Southwest Airlines Co,2427.0925000000007,2
526,2020-04-11,American Airlines Inc,1550.573055555555,3
527,2020-04-11,United Airlines Inc,1525.408055555556,4
528,2020-04-12,,4331.28,1
529,2020-04-12,Southwest Airlines Co,1890.0605555555555,2
530,2020-04-12,American Airlines Inc,1496.417222222221,3
531,2020-04-12,United Airlines Inc,1355.2911111111114,4
532,2020-04-13,,4258.123333333336,1
533,2020-04-13,Southwest Airlines Co,2633.508611111112,2
534,2020-04-13,American Airlines Inc,1672.0097222222216,3
535,2020-04-13,United Airlines Inc,1361.1233333333334,4
536,2020-04-14,,5156.7863888888905,1
537,2020-04-14,Southwest Airlines Co,1922.9274999999993,2
538,2020-04-14,Federal Express Corp,1630.0694444444443,3
539,2020-04-14,American Airlines Inc,1516.8558333333342,4
540,2020-04-15,,5427.5125,1
541,2020-04-15,Southwest Airlines Co,1802.4411111111106,2
542,2020-04-15,Federal Express Corp,1752.774166666666,3
543,2020-04-15,American Airlines Inc,1373.3122222222219,4
544,2020-04-16,,5452.011944444436,1
545,2020-04-16,Southwest Airlines Co,1628.160277777778,2
546,2020-04-16,Federal Express Corp,1616.6755555555565,3
547,2020-04-16,American Airlines Inc,1491.1819444444448,4
548,2020-04-17,,5559.103333333334,1
549,2020-04-17,Southwest Airlines Co,1684.7408333333324,2
550,2020-04-17,Federal Express Corp,1534.4233333333336,3
551,2020-04-17,American Airlines Inc,1489.5497222222218,4
552,2020-04-18,,4776.955,1
553,2020-04-18,Southwest Airlines Co,1964.0086111111113,2
554,2020-04-18,American Airlines Inc,1213.767222222222,3
555,2020-04-18,Federal Express Corp,1191.303888888889,4
556,2020-04-19,,4662.002499999999,1
557,2020-04-19,Southwest Airlines Co,1495.1975000000002,2
558,2020-04-19,American Airlines Inc,1274.2097222222228,3
559,2020-04-19,Wells Fargo Trust Co Na Trustee,949.0580555555555,4
560,2020-04-20,,4744.755277777777,1
561,2020-04-20,Southwest Airlines Co,1717.445555555556,2
562,2020-04-20,American Airlines Inc,1184.6022222222223,3
563,2020-04-20,Wells Fargo Trust Co Na Trustee,989.0124999999997,4
564,2020-04-21,,5596.9724999999935,1
565,2020-04-21,Federal Express Corp,1685.9566666666667,2
566,2020-04-21,Southwest Airlines Co,1663.1241666666656,3
567,2020-04-21,American Airlines Inc,1127.695555555556,4
568,2020-04-22,,6135.349166666663,1
569,2020-04-22,Federal Express Corp,1874.1077777777782,2
570,2020-04-22,Southwest Airlines Co,1632.0016666666656,3
571,2020-04-22,American Airlines Inc,1177.6422222222222,4
572,2020-04-23,,6232.84888888889,1
573,2020-04-23,Federal Express Corp,1784.3769444444442,2
574,2020-04-23,Southwest Airlines Co,1571.6694444444447,3
575,2020-04-23,American Airlines Inc,1170.721111111111,4
576,2020-04-24,,5672.680555555553,1
577,2020-04-24,Federal Express Corp,1586.6911111111112,2
578,2020-04-24,Southwest Airlines Co,1536.0402777777772,3
579,2020-04-24,American Airlines Inc,1240.965555555555,4
580,2020-04-25,,5312.583888888888,1
581,2020-04-25,Southwest Airlines Co,1636.3247222222217,2
582,2020-04-25,Federal Express Corp,1228.2033333333331,3
583,2020-04-25,American Airlines Inc,1125.3277777777776,4
584,2020-04-26,,5331.242777777777,1
585,2020-04-26,Southwest Airlines Co,1343.4805555555556,2
586,2020-04-26,American Airlines Inc,1197.8358333333333,3
587,2020-04-26,United Airlines Inc,1110.128611111111,4
588,2020-04-27,,5879.3799999999965,1
589,2020-04-27,Southwest Airlines Co,1557.4113888888892,2
590,2020-04-27,American Airlines Inc,1218.2069444444442,3
591,2020-04-27,United Airlines Inc,1116.0972222222224,4
592,2020-04-28,,5852.844166666662,1
593,2020-04-28,Federal Express Corp,1770.6588888888891,2
594,2020-04-28,Southwest Airlines Co,1590.2055555555557,3
595,2020-04-28,United Airlines Inc,1124.2091666666665,4
596,2020-04-29,,5924.883611111112,1
597,2020-04-29,Federal Express Corp,1880.7711111111107,2
598,2020-04-29,Southwest Airlines Co,1562.515555555556,3
599,2020-04-29,American Airlines Inc,1130.4449999999997,4
600,2020-04-30,,6145.8025,1
601,2020-04-30,Federal Express Corp,1812.6194444444445,2
602,2020-04-30,Southwest Airlines Co,1583.141944444444,3
603,2020-04-30,American Airlines Inc,1226.0611111111107,4
604,2020-05-01,,6191.811666666663,1
605,2020-05-01,Federal Express Corp,1626.4675000000002,2
606,2020-05-01,American Airlines Inc,1529.3288888888887,3
607,2020-05-01,Southwest Airlines Co,1448.246944444445,4
608,2020-05-02,,5288.7249999999985,1
609,2020-05-02,Southwest Airlines Co,1807.8000000000002,2
610,2020-05-02,Federal Express Corp,1210.1019444444441,3
611,2020-05-02,United Airlines Inc,1196.9344444444444,4
612,2020-05-03,,5524.786388888888,1
613,2020-05-03,American Airlines Inc,1558.806944444445,2
614,2020-05-03,Southwest Airlines Co,1556.3619444444446,3
615,2020-05-03,United Airlines Inc,1338.2383333333332,4
616,2020-05-04,,6091.836666666666,1
617,2020-05-04,Southwest Airlines Co,1660.7302777777782,2
618,2020-05-04,American Airlines Inc,1619.2177777777774,3
619,2020-05-04,Wells Fargo Trust Co Na Trustee,1152.6350000000004,4
620,2020-05-05,,6722.692222222226,1
621,2020-05-05,Federal Express Corp,1697.8374999999999,2
622,2020-05-05,Southwest Airlines Co,1653.4300000000005,3
623,2020-05-05,American Airlines Inc,1166.8388888888885,4
624,2020-05-06,,6981.828055555562,1
625,2020-05-06,Federal Express Corp,1897.8388888888887,2
626,2020-05-06,Southwest Airlines Co,1656.182777777778,3
627,2020-05-06,American Airlines Inc,1130.5858333333333,4
628,2020-05-07,,7486.082222222226,1
629,2020-05-07,Federal Express Corp,1824.4008333333334,2
630,2020-05-07,Southwest Airlines Co,1676.5441666666666,3
631,2020-05-07,American Airlines Inc,1458.6813888888892,4
632,2020-05-08,,6780.075833333332,1
633,2020-05-08,Federal Express Corp,1631.7336111111117,2
634,2020-05-08,Southwest Airlines Co,1605.995277777778,3
635,2020-05-08,American Airlines Inc,1447.9986111111114,4
636,2020-05-09,,5777.096666666668,1
637,2020-05-09,Southwest Airlines Co,1614.6549999999993,2
638,2020-05-09,Federal Express Corp,1324.9847222222224,3
639,2020-05-09,United Airlines Inc,1171.7441666666668,4
640,2020-05-10,,5673.437222222222,1
641,2020-05-10,Southwest Airlines Co,1631.76,2
642,2020-05-10,American Airlines Inc,1466.9013888888896,3
643,2020-05-10,United Airlines Inc,1278.6891666666666,4
644,2020-05-11,,6139.330833333333,1
645,2020-05-11,Southwest Airlines Co,1580.918333333334,2
646,2020-05-11,American Airlines Inc,1422.7399999999993,3
647,2020-05-11,United Airlines Inc,1136.754722222222,4
648,2020-05-12,,6835.64722222222,1
649,2020-05-12,Federal Express Corp,1718.0813888888883,2
650,2020-05-12,Southwest Airlines Co,1659.0644444444447,3
651,2020-05-12,United Airlines Inc,1267.2016666666666,4
652,2020-05-13,,7139.562222222221,1
653,2020-05-13,Federal Express Corp,1879.0716666666672,2
654,2020-05-13,Southwest Airlines Co,1636.980833333333,3
655,2020-05-13,American Airlines Inc,1389.2408333333333,4
656,2020-05-14,,7437.792499999989,1
657,2020-05-14,Federal Express Corp,1773.2002777777773,2
658,2020-05-14,Southwest Airlines Co,1683.7797222222225,3
659,2020-05-14,American Airlines Inc,1460.4466666666665,4
660,2020-05-15,,7388.1138888888945,1
661,2020-05-15,Southwest Airlines Co,1631.8533333333337,2
662,2020-05-15,Federal Express Corp,1591.5808333333332,3
663,2020-05-15,American Airlines Inc,1504.023611111112,4
664,2020-05-16,,6822.546944444446,1
665,2020-05-16,Southwest Airlines Co,1661.0033333333333,2
666,2020-05-16,United Airlines Inc,1310.1494444444443,3
667,2020-05-16,Federal Express Corp,1242.3961111111112,4
668,2020-05-17,,6920.17555555556,1
669,2020-05-17,Southwest Airlines Co,1674.7649999999994,2
670,2020-05-17,American Airlines Inc,1426.7827777777784,3
671,2020-05-17,United Airlines Inc,1251.9955555555555,4
672,2020-05-18,,6846.728333333334,1
673,2020-05-18,Southwest Airlines Co,1670.1433333333334,2
674,2020-05-18,American Airlines Inc,1475.7216666666666,3
675,2020-05-18,United Airlines Inc,1128.0275,4
676,2020-05-19,,7445.268333333332,1
677,2020-05-19,Federal Express Corp,1702.3961111111103,2
678,2020-05-19,Southwest Airlines Co,1698.2061111111107,3
679,2020-05-19,United Airlines Inc,1244.4794444444442,4
680,2020-05-20,,8153.379722222229,1
681,2020-05-20,Federal Express Corp,1799.9908333333344,2
682,2020-05-20,Southwest Airlines Co,1737.1861111111123,3
683,2020-05-20,American Airlines Inc,1492.6144444444444,4
684,2020-05-21,,8276.102222222224,1
685,2020-05-21,Southwest Airlines Co,1774.2719444444451,2
686,2020-05-21,Federal Express Corp,1688.7483333333337,3
687,2020-05-21,American Airlines Inc,1492.6513888888887,4
688,2020-05-22,,7809.357777777781,1
689,2020-05-22,Southwest Airlines Co,1796.8427777777772,2
690,2020-05-22,Federal Express Corp,1564.690833333333,3
691,2020-05-22,American Airlines Inc,1412.221388888889,4
692,2020-05-23,,6688.716944444438,1
693,2020-05-23,Southwest Airlines Co,1815.056388888889,2
694,2020-05-23,United Airlines Inc,1317.993888888889,3
695,2020-05-23,Federal Express Corp,1275.5858333333338,4
696,2020-05-24,,6360.706111111112,1
697,2020-05-24,Southwest Airlines Co,1632.5411111111102,2
698,2020-05-24,American Airlines Inc,1503.6474999999998,3
699,2020-05-24,United Airlines Inc,1362.5905555555555,4
700,2020-05-25,,6617.86361111111,1
701,2020-05-25,Southwest Airlines Co,1773.0713888888888,2
702,2020-05-25,American Airlines Inc,1450.5736111111114,3
703,2020-05-25,United Airlines Inc,1294.284722222222,4
704,2020-05-26,,7849.211388888894,1
705,2020-05-26,Southwest Airlines Co,1776.221111111111,2
706,2020-05-26,United Airlines Inc,1371.5402777777783,3
707,2020-05-26,American Airlines Inc,1165.7058333333334,4
708,2020-05-27,,8452.728333333329,1
709,2020-05-27,Federal Express Corp,1815.901388888888,2
710,2020-05-27,Southwest Airlines Co,1737.4372222222219,3
711,2020-05-27,American Airlines Inc,1396.8133333333335,4
712,2020-05-28,,8378.995555555559,1
713,2020-05-28,Federal Express Corp,1753.3041666666672,2
714,2020-05-28,Southwest Airlines Co,1695.4194444444443,3
715,2020-05-28,American Airlines Inc,1488.6436111111116,4
716,2020-05-29,,8550.751666666658,1
717,2020-05-29,Southwest Airlines Co,1768.2452777777767,2
718,2020-05-29,Federal Express Corp,1616.7955555555554,3
719,2020-05-29,American Airlines Inc,1447.9483333333333,4
720,2020-05-30,,7604.631388888882,1
721,2020-05-30,Southwest Airlines Co,1912.743333333332,2
722,2020-05-30,United Airlines Inc,1271.258888888889,3
723,2020-05-30,Federal Express Corp,1234.1616666666664,4
724,2020-05-31,,7451.8066666666655,1
725,2020-05-31,Southwest Airlines Co,1905.378333333333,2
726,2020-05-31,American Airlines Inc,1493.8647222222226,3
727,2020-05-31,United Airlines Inc,1246.1583333333333,4
728,2020-06-01,,8004.23638888889,1
729,2020-06-01,Southwest Airlines Co,1903.6080555555552,2
730,2020-06-01,American Airlines Inc,1484.9394444444447,3
731,2020-06-01,Wells Fargo Trust Co Na Trustee,1180.3105555555558,4
732,2020-06-02,,8221.88527777778,1
733,2020-06-02,Southwest Airlines Co,1830.111388888889,2
734,2020-06-02,Federal Express Corp,1765.4091666666661,3
735,2020-06-02,United Airlines Inc,1296.7355555555557,4
736,2020-06-03,,8912.225000000002,1
737,2020-06-03,Federal Express Corp,1888.656388888889,2
738,2020-06-03,Southwest Airlines Co,1805.2033333333336,3
739,2020-06-03,American Airlines Inc,1481.9705555555556,4
740,2020-06-04,,8946.005277777778,1
741,2020-06-04,Southwest Airlines Co,1832.2605555555556,2
742,2020-06-04,Federal Express Corp,1787.0002777777777,3
743,2020-06-04,American Airlines Inc,1585.5177777777776,4
744,2020-06-05,,8653.485833333336,1
745,2020-06-05,Southwest Airlines Co,1931.5291666666672,2
746,2020-06-05,American Airlines Inc,1754.6911111111112,3
747,2020-06-05,Federal Express Corp,1564.9175,4
748,2020-06-06,,7766.012500000007,1
749,2020-06-06,Southwest Airlines Co,1929.239722222223,2
750,2020-06-06,American Airlines Inc,1555.6286111111108,3
751,2020-06-06,Wells Fargo Trust Co Na Trustee,1427.7577777777772,4
752,2020-06-07,,7784.970000000003,1
753,2020-06-07,Southwest Airlines Co,2457.9263888888886,2
754,2020-06-07,American Airlines Inc,1819.8327777777772,3
755,2020-06-07,Wells Fargo Trust Co Na Trustee,1557.418055555555,4
756,2020-06-08,,8176.842222222219,1
757,2020-06-08,Southwest Airlines Co,2654.8830555555537,2
758,2020-06-08,American Airlines Inc,1779.954166666667,3
759,2020-06-08,Wells Fargo Trust Co Na Trustee,1498.6836111111118,4
760,2020-06-09,,8181.715000000002,1
761,2020-06-09,Southwest Airlines Co,2501.2669444444427,2
762,2020-06-09,American Airlines Inc,1751.567777777778,3
763,2020-06-09,Federal Express Corp,1711.0786111111106,4
764,2020-06-10,,9285.011944444446,1
765,2020-06-10,Southwest Airlines Co,2531.1111111111127,2
766,2020-06-10,Federal Express Corp,1892.142222222223,3
767,2020-06-10,American Airlines Inc,1706.481388888889,4
768,2020-06-11,,9428.241944444426,1
769,2020-06-11,Southwest Airlines Co,2696.993611111109,2
770,2020-06-11,American Airlines Inc,1881.8152777777786,3
771,2020-06-11,Federal Express Corp,1844.168333333333,4
772,2020-06-12,,10067.942222222217,1
773,2020-06-12,Southwest Airlines Co,2748.0677777777773,2
774,2020-06-12,American Airlines Inc,1850.5980555555561,3
775,2020-06-12,Federal Express Corp,1664.1686111111107,4
776,2020-06-13,,8530.219444444449,1
777,2020-06-13,Southwest Airlines Co,2727.8380555555564,2
778,2020-06-13,American Airlines Inc,1552.6722222222224,3
779,2020-06-13,Wells Fargo Trust Co Na Trustee,1419.1869444444442,4
780,2020-06-14,,8449.670555555564,1
781,2020-06-14,Southwest Airlines Co,2942.6419444444437,2
782,2020-06-14,American Airlines Inc,1805.0936111111118,3
783,2020-06-14,Wells Fargo Trust Co Na Trustee,1615.2369444444446,4
784,2020-06-15,,9545.346944444445,1
785,2020-06-15,Southwest Airlines Co,2997.4416666666675,2
786,2020-06-15,American Airlines Inc,1863.4377777777781,3
787,2020-06-15,Wells Fargo Trust Co Na Trustee,1608.3030555555556,4
788,2020-06-16,,8521.961388888893,1
789,2020-06-16,Southwest Airlines Co,2576.4577777777768,2
790,2020-06-16,American Airlines Inc,1536.7949999999996,3
791,2020-06-16,Federal Express Corp,1441.5761111111115,4
792,2020-06-17,,9817.8275,1
793,2020-06-17,Southwest Airlines Co,2813.999444444445,2
794,2020-06-17,Federal Express Corp,1836.2038888888887,3
795,2020-06-17,American Airlines Inc,1687.7800000000002,4
796,2020-06-18,,9942.028888888883,1
797,2020-06-18,Southwest Airlines Co,2971.908611111112,2
798,2020-06-18,American Airlines Inc,1869.574722222223,3
799,2020-06-18,Federal Express Corp,1767.168333333334,4
800,2020-06-19,,10225.778333333335,1
801,2020-06-19,Southwest Airlines Co,3015.1019444444446,2
802,2020-06-19,American Airlines Inc,1860.922777777777,3
803,2020-06-19,Wells Fargo Trust Co Na Trustee,1613.1219444444448,4
804,2020-06-20,,9318.113611111108,1
805,2020-06-20,Southwest Airlines Co,2993.53388888889,2
806,2020-06-20,American Airlines Inc,1632.0322222222223,3
807,2020-06-20,Wells Fargo Trust Co Na Trustee,1629.6736111111109,4
808,2020-06-21,,9291.167222222215,1
809,2020-06-21,Southwest Airlines Co,3084.2980555555555,2
810,2020-06-21,American Airlines Inc,1829.5202777777772,3
811,2020-06-21,Wells Fargo Trust Co Na Trustee,1702.8402777777783,4
812,2020-06-22,,10049.3175,1
813,2020-06-22,Southwest Airlines Co,3312.066666666666,2
814,2020-06-22,American Airlines Inc,1849.860833333332,3
815,2020-06-22,Wells Fargo Trust Co Na Trustee,1671.2230555555552,4
816,2020-06-23,,10552.816111111106,1
817,2020-06-23,Southwest Airlines Co,3209.971944444447,2
818,2020-06-23,American Airlines Inc,1719.352500000001,3
819,2020-06-23,Federal Express Corp,1700.715555555555,4
820,2020-06-24,,11387.756388888894,1
821,2020-06-24,Southwest Airlines Co,3072.256666666667,2
822,2020-06-24,Federal Express Corp,1872.9255555555546,3
823,2020-06-24,American Airlines Inc,1638.8863888888886,4
824,2020-06-25,,11407.65833333333,1
825,2020-06-25,Southwest Airlines Co,3227.8716666666674,2
826,2020-06-25,American Airlines Inc,1865.7163888888883,3
827,2020-06-25,Wells Fargo Trust Co Na Trustee,1811.4063888888893,4
828,2020-06-26,,11441.991111111096,1
829,2020-06-26,Southwest Airlines Co,3242.9186111111117,2
830,2020-06-26,American Airlines Inc,1909.8491666666678,3
831,2020-06-26,Wells Fargo Trust Co Na Trustee,1808.2355555555553,4
832,2020-06-27,,10111.286666666663,1
833,2020-06-27,Southwest Airlines Co,3232.9119444444436,2
834,2020-06-27,Wells Fargo Trust Co Na Trustee,1741.9316666666673,3
835,2020-06-27,American Airlines Inc,1612.1622222222213,4
836,2020-06-28,,9735.613611111106,1
837,2020-06-28,Southwest Airlines Co,3113.894722222223,2
838,2020-06-28,American Airlines Inc,1848.3941666666665,3
839,2020-06-28,Wells Fargo Trust Co Na Trustee,1829.8508333333334,4
840,2020-06-29,,9967.55666666666,1
841,2020-06-29,Southwest Airlines Co,3438.5236111111108,2
842,2020-06-29,American Airlines Inc,1886.8924999999986,3
843,2020-06-29,Wells Fargo Trust Co Na Trustee,1824.1800000000003,4
844,2020-06-30,,10439.885000000006,1
845,2020-06-30,Southwest Airlines Co,3286.859722222224,2
846,2020-06-30,American Airlines Inc,1751.231111111111,3
847,2020-06-30,Federal Express Corp,1708.5824999999995,4
848,2020-07-01,,11195.997500000005,1
849,2020-07-01,Southwest Airlines Co,3199.6258333333326,2
850,2020-07-01,Federal Express Corp,1840.01861111111,3
851,2020-07-01,Wells Fargo Trust Co Na Trustee,1810.4091666666664,4
852,2020-07-02,,11520.290000000006,1
853,2020-07-02,Southwest Airlines Co,3409.1188888888883,2
854,2020-07-02,Wells Fargo Trust Co Na Trustee,2183.443611111111,3
855,2020-07-02,American Airlines Inc,1913.8161111111106,4
856,2020-07-03,,12312.5775,1
857,2020-07-03,Southwest Airlines Co,3400.3580555555554,2
858,2020-07-03,Wells Fargo Trust Co Na Trustee,2220.3175000000006,3
859,2020-07-03,Delta Air Lines Inc,2048.690000000001,4
860,2020-07-04,,11562.173888888881,1
861,2020-07-04,Southwest Airlines Co,2658.8325000000004,2
862,2020-07-04,Wells Fargo Trust Co Na Trustee,1988.3133333333344,3
863,2020-07-04,Delta Air Lines Inc,1895.9391666666677,4
864,2020-07-05,,11573.293333333326,1
865,2020-07-05,Southwest Airlines Co,2925.9630555555523,2
866,2020-07-05,Wells Fargo Trust Co Na Trustee,2085.8783333333317,3
867,2020-07-05,American Airlines Inc,1986.572499999999,4
868,2020-07-06,,11256.026388888891,1
869,2020-07-06,Southwest Airlines Co,3407.8663888888877,2
870,2020-07-06,Wells Fargo Trust Co Na Trustee,2313.528333333333,3
871,2020-07-06,American Airlines Inc,1960.8883333333338,4
872,2020-07-07,,11264.068888888893,1
873,2020-07-07,Southwest Airlines Co,3317.430277777779,2
874,2020-07-07,Wells Fargo Trust Co Na Trustee,2386.9583333333335,3
875,2020-07-07,American Airlines Inc,2312.9522222222226,4
876,2020-07-08,,11847.37694444442,1
877,2020-07-08,Southwest Airlines Co,3229.328055555557,2
878,2020-07-08,American Airlines Inc,2547.484444444443,3
879,2020-07-08,Wells Fargo Trust Co Na Trustee,2371.9983333333344,4
880,2020-07-09,,12201.261666666658,1
881,2020-07-09,Southwest Airlines Co,3359.4830555555545,2
882,2020-07-09,American Airlines Inc,3044.6775,3
883,2020-07-09,Wells Fargo Trust Co Na Trustee,2629.9363888888884,4
884,2020-07-10,,12932.49722222222,1
885,2020-07-10,Southwest Airlines Co,3380.8394444444402,2
886,2020-07-10,American Airlines Inc,3198.9772222222236,3
887,2020-07-10,Wells Fargo Trust Co Na Trustee,2645.354166666667,4
888,2020-07-11,,12082.045555555538,1
889,2020-07-11,Southwest Airlines Co,3375.5797222222213,2
890,2020-07-11,American Airlines Inc,3117.2891666666674,3
891,2020-07-11,Wells Fargo Trust Co Na Trustee,2526.163611111112,4
892,2020-07-12,,12588.068333333364,1
893,2020-07-12,Southwest Airlines Co,3240.125277777778,2
894,2020-07-12,American Airlines Inc,3072.943888888887,3
895,2020-07-12,Wells Fargo Trust Co Na Trustee,2515.737222222221,4
896,2020-07-13,,12226.591666666676,1
897,2020-07-13,Southwest Airlines Co,3491.439166666667,2
898,2020-07-13,American Airlines Inc,3209.7630555555547,3
899,2020-07-13,Wells Fargo Trust Co Na Trustee,2610.3241666666668,4
900,2020-07-14,,11696.584166666657,1
901,2020-07-14,Southwest Airlines Co,3302.5266666666666,2
902,2020-07-14,American Airlines Inc,2593.9311111111115,3
903,2020-07-14,Wells Fargo Trust Co Na Trustee,2512.1000000000013,4
904,2020-07-15,,12708.21222222225,1
905,2020-07-15,Southwest Airlines Co,3220.070833333335,2
906,2020-07-15,American Airlines Inc,2582.0255555555555,3
907,2020-07-15,Wells Fargo Trust Co Na Trustee,2455.994166666667,4
908,2020-07-16,,12991.856111111105,1
909,2020-07-16,Southwest Airlines Co,3500.177222222223,2
910,2020-07-16,American Airlines Inc,3009.4100000000008,3
911,2020-07-16,Wells Fargo Trust Co Na Trustee,2718.468611111111,4
912,2020-07-17,,13621.614722222204,1
913,2020-07-17,Southwest Airlines Co,3489.5355555555543,2
914,2020-07-17,American Airlines Inc,3238.9355555555567,3
915,2020-07-17,Wells Fargo Trust Co Na Trustee,2733.9275,4
916,2020-07-18,,13597.255277777756,1
917,2020-07-18,Southwest Airlines Co,3419.248333333333,2
918,2020-07-18,American Airlines Inc,3077.634999999999,3
919,2020-07-18,Wells Fargo Trust Co Na Trustee,2620.5361111111097,4
920,2020-07-19,,12751.997222222219,1
921,2020-07-19,Southwest Airlines Co,3275.276666666664,2
922,2020-07-19,American Airlines Inc,3132.315833333332,3
923,2020-07-19,Wells Fargo Trust Co Na Trustee,2550.666388888888,4
924,2020-07-20,,12938.930555555544,1
925,2020-07-20,Southwest Airlines Co,3516.068333333334,2
926,2020-07-20,American Airlines Inc,3185.585277777778,3
927,2020-07-20,Wells Fargo Trust Co Na Trustee,2696.6438888888897,4
928,2020-07-21,,12843.670277777788,1
929,2020-07-21,Southwest Airlines Co,3310.1155555555556,2
930,2020-07-21,American Airlines Inc,2641.852222222221,3
931,2020-07-21,Wells Fargo Trust Co Na Trustee,2328.9833333333336,4
932,2020-07-22,,13360.893888888906,1
933,2020-07-22,Southwest Airlines Co,3258.0030555555554,2
934,2020-07-22,American Airlines Inc,2670.5891666666666,3
935,2020-07-22,Wells Fargo Trust Co Na Trustee,2321.8961111111103,4
936,2020-07-23,,12589.734166666662,1
937,2020-07-23,Southwest Airlines Co,3403.336666666667,2
938,2020-07-23,American Airlines Inc,3145.472499999998,3
939,2020-07-23,Wells Fargo Trust Co Na Trustee,2489.099722222222,4
940,2020-07-24,,14078.272777777787,1
941,2020-07-24,Southwest Airlines Co,3404.8527777777786,2
942,2020-07-24,American Airlines Inc,3188.6722222222206,3
943,2020-07-24,Wells Fargo Trust Co Na Trustee,2674.167222222222,4
944,2020-07-25,,14108.121944444436,1
945,2020-07-25,Southwest Airlines Co,3381.7877777777776,2
946,2020-07-25,American Airlines Inc,3086.6563888888863,3
947,2020-07-25,Wells Fargo Trust Co Na Trustee,2498.699722222222,4
948,2020-07-26,,13302.429166666667,1
949,2020-07-26,Southwest Airlines Co,3208.2088888888884,2
950,2020-07-26,American Airlines Inc,3124.378055555554,3
951,2020-07-26,Wells Fargo Trust Co Na Trustee,2438.055833333332,4
952,2020-07-27,,12591.611111111108,1
953,2020-07-27,Southwest Airlines Co,3379.1441666666665,2
954,2020-07-27,American Airlines Inc,3159.63722222222,3
955,2020-07-27,Wells Fargo Trust Co Na Trustee,2516.4552777777776,4
956,2020-07-28,,12974.543333333348,1
957,2020-07-28,Southwest Airlines Co,3233.3997222222224,2
958,2020-07-28,American Airlines Inc,2559.219722222221,3
959,2020-07-28,Wells Fargo Trust Co Na Trustee,2294.300277777779,4
960,2020-07-29,,13363.728333333336,1
961,2020-07-29,Southwest Airlines Co,3205.944444444446,2
962,2020-07-29,American Airlines Inc,2511.073055555554,3
963,2020-07-29,Wells Fargo Trust Co Na Trustee,2245.556666666667,4
964,2020-07-30,,12469.778611111116,1
965,2020-07-30,Southwest Airlines Co,2911.948055555555,2
966,2020-07-30,American Airlines Inc,2258.261944444445,3
967,2020-07-30,Wells Fargo Trust Co Na Trustee,2047.9083333333333,4
968,2020-07-31,,14619.74666666664,1
969,2020-07-31,Southwest Airlines Co,3349.815555555556,2
970,2020-07-31,American Airlines Inc,2883.608611111111,3
971,2020-07-31,Wells Fargo Trust Co Na Trustee,2505.6302777777764,4
972,2020-08-01,,14946.100555555588,1
973,2020-08-01,Southwest Airlines Co,3301.814166666669,2
974,2020-08-01,American Airlines Inc,2804.24888888889,3
975,2020-08-01,Delta Air Lines Inc,2495.5275,4
976,2020-08-02,,13993.44416666665,1
977,2020-08-02,Southwest Airlines Co,3069.109722222222,2
978,2020-08-02,American Airlines Inc,2766.608055555555,3
979,2020-08-02,Delta Air Lines Inc,2706.1986111111128,4
980,2020-08-03,,13581.837222222242,1
981,2020-08-03,Southwest Airlines Co,3396.888888888887,2
982,2020-08-03,American Airlines Inc,2817.9638888888885,3
983,2020-08-03,Delta Air Lines Inc,2797.6516666666666,4
984,2020-08-04,,13010.153055555556,1
985,2020-08-04,Southwest Airlines Co,2900.7919444444465,2
986,2020-08-04,Delta Air Lines Inc,2505.9750000000017,3
987,2020-08-04,United Airlines Inc,2427.036388888888,4
988,2020-08-05,,14269.17472222221,1
989,2020-08-05,Southwest Airlines Co,3140.5719444444426,2
990,2020-08-05,United Airlines Inc,2471.868888888889,3
991,2020-08-05,Delta Air Lines Inc,2433.970277777778,4
992,2020-08-06,,14590.310833333348,1
993,2020-08-06,Southwest Airlines Co,3341.9974999999968,2
994,2020-08-06,American Airlines Inc,2728.726388888892,3
995,2020-08-06,Delta Air Lines Inc,2652.8022222222216,4
996,2020-08-07,,15145.456944444442,1
997,2020-08-07,Southwest Airlines Co,3347.0602777777776,2
998,2020-08-07,American Airlines Inc,2749.005000000001,3
999,2020-08-07,Wells Fargo Trust Co Na Trustee,2691.19888888889,4
1000,2020-08-08,,15160.888611111124,1
1001,2020-08-08,Southwest Airlines Co,3341.4558333333334,2
1002,2020-08-08,Delta Air Lines Inc,2712.623333333334,3
1003,2020-08-08,American Airlines Inc,2688.4674999999997,4
1004,2020-08-09,,14483.885000000017,1
1005,2020-08-09,Southwest Airlines Co,3087.6088888888885,2
1006,2020-08-09,American Airlines Inc,2772.801944444446,3
1007,2020-08-09,Delta Air Lines Inc,2716.6497222222215,4
1008,2020-08-10,,13877.925277777766,1
1009,2020-08-10,Southwest Airlines Co,3309.5655555555554,2
1010,2020-08-10,American Airlines Inc,2758.5655555555545,3
1011,2020-08-10,Delta Air Lines Inc,2749.330555555556,4
1012,2020-08-11,,13699.218333333349,1
1013,2020-08-11,Southwest Airlines Co,3321.7038888888897,2
1014,2020-08-11,Delta Air Lines Inc,2506.6505555555545,3
1015,2020-08-11,American Airlines Inc,2385.1377777777784,4
1016,2020-08-12,,14399.300555555561,1
1017,2020-08-12,Southwest Airlines Co,3340.176111111109,2
1018,2020-08-12,Delta Air Lines Inc,2375.695277777777,3
1019,2020-08-12,United Airlines Inc,2356.09361111111,4
1020,2020-08-13,,14317.769999999971,1
1021,2020-08-13,Southwest Airlines Co,3461.59777777778,2
1022,2020-08-13,American Airlines Inc,2711.166944444444,3
1023,2020-08-13,Delta Air Lines Inc,2658.316666666665,4
1024,2020-08-14,,14793.089999999975,1
1025,2020-08-14,Southwest Airlines Co,3396.218611111111,2
1026,2020-08-14,American Airlines Inc,2756.008333333332,3
1027,2020-08-14,Wells Fargo Trust Co Na Trustee,2681.119166666666,4
1028,2020-08-15,,13489.498333333337,1
1029,2020-08-15,Southwest Airlines Co,3137.4897222222253,2
1030,2020-08-15,American Airlines Inc,2644.8338888888866,3
1031,2020-08-15,Delta Air Lines Inc,2602.1308333333327,4
1032,2020-08-16,,14482.593333333341,1
1033,2020-08-16,Southwest Airlines Co,3264.5666666666675,2
1034,2020-08-16,Delta Air Lines Inc,2733.9772222222227,3
1035,2020-08-16,American Airlines Inc,2731.1525,4
1036,2020-08-17,,13877.99222222223,1
1037,2020-08-17,Southwest Airlines Co,3574.4605555555554,2
1038,2020-08-17,American Airlines Inc,2802.312777777777,3
1039,2020-08-17,Delta Air Lines Inc,2683.645833333333,4
1040,2020-08-18,,13619.385000000007,1
1041,2020-08-18,Southwest Airlines Co,3396.8725000000004,2
1042,2020-08-18,American Airlines Inc,2407.1152777777775,3
1043,2020-08-18,Delta Air Lines Inc,2363.019166666668,4
1044,2020-08-19,,14349.397500000006,1
1045,2020-08-19,Southwest Airlines Co,3336.5541666666686,2
1046,2020-08-19,United Airlines Inc,2381.4827777777773,3
1047,2020-08-19,American Airlines Inc,2350.5744444444435,4
1048,2020-08-20,,14672.268888888877,1
1049,2020-08-20,Southwest Airlines Co,3397.034722222226,2
1050,2020-08-20,American Airlines Inc,2877.214722222222,3
1051,2020-08-20,Delta Air Lines Inc,2590.287499999999,4
1052,2020-08-21,,15162.615000000022,1
1053,2020-08-21,Southwest Airlines Co,3444.0394444444455,2
1054,2020-08-21,American Airlines Inc,2931.69388888889,3
1055,2020-08-21,Delta Air Lines Inc,2701.5869444444447,4
1056,2020-08-22,,14480.355833333337,1
1057,2020-08-22,Southwest Airlines Co,3343.878055555555,2
1058,2020-08-22,American Airlines Inc,2798.008333333335,3
1059,2020-08-22,Delta Air Lines Inc,2628.325555555554,4
1060,2020-08-23,,14642.481111111101,1
1061,2020-08-23,Southwest Airlines Co,3170.1177777777807,2
1062,2020-08-23,American Airlines Inc,2860.134444444442,3
1063,2020-08-23,Delta Air Lines Inc,2617.1074999999987,4
1064,2020-08-24,,14332.722499999989,1
1065,2020-08-24,Southwest Airlines Co,3564.8630555555574,2
1066,2020-08-24,American Airlines Inc,2974.946944444444,3
1067,2020-08-24,Delta Air Lines Inc,2662.7999999999993,4
1068,2020-08-25,,14334.878888888896,1
1069,2020-08-25,Southwest Airlines Co,3400.593333333333,2
1070,2020-08-25,American Airlines Inc,2446.551666666666,3
1071,2020-08-25,Wells Fargo Trust Co Na Trustee,2279.011111111112,4
1072,2020-08-26,,14723.214722222216,1
1073,2020-08-26,Southwest Airlines Co,3224.6316666666685,2
1074,2020-08-26,American Airlines Inc,2386.831944444444,3
1075,2020-08-26,Delta Air Lines Inc,2256.127222222222,4
1076,2020-08-27,,14749.542499999989,1
1077,2020-08-27,Southwest Airlines Co,3232.260833333333,2
1078,2020-08-27,American Airlines Inc,2943.927777777778,3
1079,2020-08-27,Delta Air Lines Inc,2512.8708333333325,4
1080,2020-08-28,,15642.218611111122,1
1081,2020-08-28,Southwest Airlines Co,3377.3827777777774,2
1082,2020-08-28,American Airlines Inc,2968.999722222222,3
1083,2020-08-28,Delta Air Lines Inc,2708.2800000000016,4
1084,2020-08-29,,15175.975555555557,1
1085,2020-08-29,Southwest Airlines Co,3417.114722222223,2
1086,2020-08-29,American Airlines Inc,2857.5966666666673,3
1087,2020-08-29,Delta Air Lines Inc,2669.544722222222,4
1088,2020-08-30,,15434.509166666696,1
1089,2020-08-30,Southwest Airlines Co,3228.486666666668,2
1090,2020-08-30,American Airlines Inc,2922.6997222222208,3
1091,2020-08-30,Delta Air Lines Inc,2600.606944444444,4
1092,2020-08-31,,14219.525833333326,1
1093,2020-08-31,Southwest Airlines Co,3629.2099999999973,2
1094,2020-08-31,American Airlines Inc,3026.609444444446,3
1095,2020-08-31,Delta Air Lines Inc,2727.349722222222,4
1096,2020-09-01,,13818.006111111103,1
1097,2020-09-01,Southwest Airlines Co,3388.1069444444447,2
1098,2020-09-01,American Airlines Inc,2505.9636111111117,3
1099,2020-09-01,Delta Air Lines Inc,2357.6838888888906,4
1100,2020-09-02,,14764.183611111137,1
1101,2020-09-02,Southwest Airlines Co,3420.7369444444444,2
1102,2020-09-02,American Airlines Inc,2344.374722222223,3
1103,2020-09-02,Delta Air Lines Inc,2266.9125000000013,4
1104,2020-09-03,,14922.993055555558,1
1105,2020-09-03,Southwest Airlines Co,3431.7619444444454,2
1106,2020-09-03,American Airlines Inc,2949.885833333334,3
1107,2020-09-03,Delta Air Lines Inc,2643.860277777778,4
1108,2020-09-04,,16068.871666666713,1
1109,2020-09-04,Southwest Airlines Co,3482.5058333333327,2
1110,2020-09-04,American Airlines Inc,3000.7052777777762,3
1111,2020-09-04,Delta Air Lines Inc,2704.2513888888893,4
1112,2020-09-05,,15312.790000000005,1
1113,2020-09-05,Southwest Airlines Co,3443.339722222221,2
1114,2020-09-05,American Airlines Inc,2689.3427777777774,3
1115,2020-09-05,Delta Air Lines Inc,2625.2391666666645,4
1116,2020-09-06,,14329.700000000012,1
1117,2020-09-06,Southwest Airlines Co,2589.1761111111114,2
1118,2020-09-06,Delta Air Lines Inc,2517.8613888888895,3
1119,2020-09-06,American Airlines Inc,2466.81972222222,4
1120,2020-09-07,,14197.235833333334,1
1121,2020-09-07,Delta Air Lines Inc,2736.6088888888903,2
1122,2020-09-07,American Airlines Inc,2730.579722222222,3
1123,2020-09-07,Southwest Airlines Co,2642.872499999999,4
1124,2020-09-08,,13666.6,1
1125,2020-09-08,Southwest Airlines Co,2588.029444444443,2
1126,2020-09-08,American Airlines Inc,2447.236666666668,3
1127,2020-09-08,Delta Air Lines Inc,2367.5983333333324,4
1128,2020-09-09,,14005.893888888888,1
1129,2020-09-09,American Airlines Inc,2419.8116666666665,2
1130,2020-09-09,Southwest Airlines Co,2408.238333333333,3
1131,2020-09-09,Delta Air Lines Inc,2405.6058333333335,4
1132,2020-09-10,,14732.637222222213,1
1133,2020-09-10,Delta Air Lines Inc,2677.5983333333343,2
1134,2020-09-10,American Airlines Inc,2656.5236111111108,3
1135,2020-09-10,Southwest Airlines Co,2464.8955555555553,4
1136,2020-09-11,,15279.044166666665,1
1137,2020-09-11,American Airlines Inc,2696.664444444443,2
1138,2020-09-11,Delta Air Lines Inc,2656.165833333333,3
1139,2020-09-11,Wells Fargo Trust Co Na Trustee,2488.534722222222,4
1140,2020-09-12,,14664.842777777785,1
1141,2020-09-12,Delta Air Lines Inc,2744.4883333333337,2
1142,2020-09-12,American Airlines Inc,2653.6822222222227,3
1143,2020-09-12,Southwest Airlines Co,2428.395833333334,4
1144,2020-09-13,,14762.449444444439,1
1145,2020-09-13,American Airlines Inc,2750.1227777777776,2
1146,2020-09-13,Delta Air Lines Inc,2682.646111111111,3
1147,2020-09-13,United Airlines Inc,2425.4577777777777,4
1148,2020-09-14,,14140.83416666666,1
1149,2020-09-14,Delta Air Lines Inc,2768.7027777777776,2
1150,2020-09-14,American Airlines Inc,2617.5513888888886,3
1151,2020-09-14,Southwest Airlines Co,2421.544444444445,4
1152,2020-09-15,,14287.805277777803,1
1153,2020-09-15,Delta Air Lines Inc,2435.895833333334,2
1154,2020-09-15,Southwest Airlines Co,2341.4561111111097,3
1155,2020-09-15,United Airlines Inc,2249.360833333333,4
1156,2020-09-16,,14913.366666666672,1
1157,2020-09-16,Delta Air Lines Inc,2470.7991666666658,2
1158,2020-09-16,Southwest Airlines Co,2415.708055555556,3
1159,2020-09-16,American Airlines Inc,2390.1288888888903,4
1160,2020-09-17,,14464.428333333355,1
1161,2020-09-17,American Airlines Inc,2692.833611111111,2
1162,2020-09-17,Delta Air Lines Inc,2692.2652777777803,3
1163,2020-09-17,Wells Fargo Trust Co Na Trustee,2418.065833333332,4
1164,2020-09-18,,15764.463333333319,1
1165,2020-09-18,American Airlines Inc,2828.646111111111,2
1166,2020-09-18,Delta Air Lines Inc,2782.8149999999996,3
1167,2020-09-18,Southwest Airlines Co,2499.1725000000006,4
1168,2020-09-19,,15406.520833333354,1
1169,2020-09-19,Delta Air Lines Inc,2785.9783333333344,2
1170,2020-09-19,American Airlines Inc,2670.8380555555545,3
1171,2020-09-19,Southwest Airlines Co,2440.3919444444437,4
1172,2020-09-20,,15286.453333333337,1
1173,2020-09-20,American Airlines Inc,2782.2233333333334,2
1174,2020-09-20,Delta Air Lines Inc,2669.6000000000004,3
1175,2020-09-20,Wells Fargo Trust Co Na Trustee,2475.6361111111114,4
1176,2020-09-21,,14074.631944444423,1
1177,2020-09-21,Delta Air Lines Inc,2785.938888888889,2
1178,2020-09-21,American Airlines Inc,2645.6150000000007,3
1179,2020-09-21,Southwest Airlines Co,2497.1197222222236,4
1180,2020-09-22,,13770.684166666677,1
1181,2020-09-22,Southwest Airlines Co,2439.8461111111124,2
1182,2020-09-22,Delta Air Lines Inc,2404.535555555555,3
1183,2020-09-22,United Airlines Inc,2253.834444444445,4
1184,2020-09-23,,14756.779722222227,1
1185,2020-09-23,American Airlines Inc,2453.497499999999,2
1186,2020-09-23,Southwest Airlines Co,2413.316388888889,3
1187,2020-09-23,Delta Air Lines Inc,2399.798333333334,4
1188,2020-09-24,,14634.386388888877,1
1189,2020-09-24,Delta Air Lines Inc,2732.9211111111117,2
1190,2020-09-24,American Airlines Inc,2623.533611111111,3
1191,2020-09-24,Wells Fargo Trust Co Na Trustee,2452.3588888888885,4
1192,2020-09-25,,15136.104722222217,1
1193,2020-09-25,Delta Air Lines Inc,2838.411388888888,2
1194,2020-09-25,American Airlines Inc,2833.8372222222233,3
1195,2020-09-25,United Airlines Inc,2481.3991666666675,4
1196,2020-09-26,,14397.700277777782,1
1197,2020-09-26,Delta Air Lines Inc,2829.1347222222216,2
1198,2020-09-26,American Airlines Inc,2730.6016666666646,3
1199,2020-09-26,Wells Fargo Trust Co Na Trustee,2428.6830555555553,4
1200,2020-09-27,,14867.018888888892,1
1201,2020-09-27,Delta Air Lines Inc,2790.577777777778,2
1202,2020-09-27,American Airlines Inc,2781.1091666666653,3
1203,2020-09-27,Wells Fargo Trust Co Na Trustee,2446.896666666665,4
1204,2020-09-28,,13981.763333333325,1
1205,2020-09-28,Delta Air Lines Inc,2841.05611111111,2
1206,2020-09-28,American Airlines Inc,2719.3397222222234,3
1207,2020-09-28,Wells Fargo Trust Co Na Trustee,2591.064722222222,4
1208,2020-09-29,,13750.038055555578,1
1209,2020-09-29,Delta Air Lines Inc,2460.3749999999995,2
1210,2020-09-29,Southwest Airlines Co,2430.138611111112,3
1211,2020-09-29,American Airlines Inc,2336.7361111111104,4
1212,2020-09-30,,14722.419166666668,1
1213,2020-09-30,American Airlines Inc,2491.560277777777,2
1214,2020-09-30,Delta Air Lines Inc,2487.5269444444452,3
1215,2020-09-30,Southwest Airlines Co,2398.9258333333323,4
1216,2020-10-01,,15966.440277777761,1
1217,2020-10-01,Delta Air Lines Inc,2975.9861111111104,2
1218,2020-10-01,American Airlines Inc,2620.196388888887,3
1219,2020-10-01,Wells Fargo Trust Co Na Trustee,2597.9780555555562,4
1220,2020-10-02,,16030.083611111117,1
1221,2020-10-02,Delta Air Lines Inc,3073.8658333333333,2
1222,2020-10-02,American Airlines Inc,2856.6505555555536,3
1223,2020-10-02,United Airlines Inc,2766.1849999999995,4
1224,2020-10-03,,15108.411666666694,1
1225,2020-10-03,Delta Air Lines Inc,3150.0147222222204,2
1226,2020-10-03,American Airlines Inc,2692.093055555554,3
1227,2020-10-03,United Airlines Inc,2599.423055555555,4
1228,2020-10-04,,14762.426666666677,1
1229,2020-10-04,Delta Air Lines Inc,3050.431388888888,2
1230,2020-10-04,American Airlines Inc,2800.8633333333346,3
1231,2020-10-04,Wells Fargo Trust Co Na Trustee,2660.509444444445,4
1232,2020-10-05,,14352.853611111092,1
1233,2020-10-05,Delta Air Lines Inc,3032.7458333333325,2
1234,2020-10-05,Wells Fargo Trust Co Na Trustee,2732.6563888888904,3
1235,2020-10-05,American Airlines Inc,2592.521666666668,4
1236,2020-10-06,,14109.162499999999,1
1237,2020-10-06,Delta Air Lines Inc,2641.271388888889,2
1238,2020-10-06,Southwest Airlines Co,2476.01861111111,3
1239,2020-10-06,American Airlines Inc,2248.9652777777774,4
1240,2020-10-07,,15081.74888888888,1
1241,2020-10-07,Delta Air Lines Inc,2579.2841666666673,2
1242,2020-10-07,Southwest Airlines Co,2473.348611111111,3
1243,2020-10-07,Wells Fargo Trust Co Na Trustee,2195.2502777777772,4
1244,2020-10-08,,15212.397499999992,1
1245,2020-10-08,Delta Air Lines Inc,2911.0086111111113,2
1246,2020-10-08,Southwest Airlines Co,2739.579722222222,3
1247,2020-10-08,Wells Fargo Trust Co Na Trustee,2589.5461111111113,4
1248,2020-10-09,,16382.91416666666,1
1249,2020-10-09,Delta Air Lines Inc,3165.5327777777766,2
1250,2020-10-09,American Airlines Inc,2843.8747222222237,3
1251,2020-10-09,Southwest Airlines Co,2839.7158333333327,4
1252,2020-10-10,,15157.608888888892,1
1253,2020-10-10,Delta Air Lines Inc,3144.7366666666676,2
1254,2020-10-10,Southwest Airlines Co,2778.849444444445,3
1255,2020-10-10,American Airlines Inc,2647.248888888891,4
1256,2020-10-11,,14951.895277777781,1
1257,2020-10-11,Delta Air Lines Inc,3158.0088888888886,2
1258,2020-10-11,American Airlines Inc,2768.97361111111,3
1259,2020-10-11,Wells Fargo Trust Co Na Trustee,2733.8938888888893,4
1260,2020-10-12,,14263.34722222223,1
1261,2020-10-12,Delta Air Lines Inc,3136.043888888888,2
1262,2020-10-12,Wells Fargo Trust Co Na Trustee,2830.199999999999,3
1263,2020-10-12,American Airlines Inc,2778.856111111111,4
1264,2020-10-13,,14121.10555555554,1
1265,2020-10-13,Delta Air Lines Inc,2662.6688888888866,2
1266,2020-10-13,Southwest Airlines Co,2508.146388888888,3
1267,2020-10-13,Wells Fargo Trust Co Na Trustee,2457.9647222222225,4
1268,2020-10-14,,15466.838333333335,1
1269,2020-10-14,Delta Air Lines Inc,2603.876944444444,2
1270,2020-10-14,Southwest Airlines Co,2531.3241666666668,3
1271,2020-10-14,United Airlines Inc,2324.5741666666663,4
1272,2020-10-15,,15237.432222222205,1
1273,2020-10-15,Delta Air Lines Inc,3079.2383333333346,2
1274,2020-10-15,Southwest Airlines Co,2658.8869444444435,3
1275,2020-10-15,American Airlines Inc,2635.994444444446,4
1276,2020-10-16,,16677.38750000001,1
1277,2020-10-16,Delta Air Lines Inc,3078.020555555556,2
1278,2020-10-16,United Airlines Inc,2846.913055555557,3
1279,2020-10-16,American Airlines Inc,2843.764444444444,4
1280,2020-10-17,,15840.904999999975,1
1281,2020-10-17,Delta Air Lines Inc,3150.2166666666667,2
1282,2020-10-17,United Airlines Inc,2744.9988888888884,3
1283,2020-10-17,Wells Fargo Trust Co Na Trustee,2717.722777777777,4
1284,2020-10-18,,15521.817222222244,1
1285,2020-10-18,Delta Air Lines Inc,3119.4055555555556,2
1286,2020-10-18,Wells Fargo Trust Co Na Trustee,2830.548888888888,3
1287,2020-10-18,United Airlines Inc,2781.004444444443,4
1288,2020-10-19,,14993.366388888855,1
1289,2020-10-19,Delta Air Lines Inc,3163.803333333333,2
1290,2020-10-19,Wells Fargo Trust Co Na Trustee,2865.8988888888894,3
1291,2020-10-19,American Airlines Inc,2757.9241666666676,4
1292,2020-10-20,,14368.359722222216,1
1293,2020-10-20,Delta Air Lines Inc,2695.969444444443,2
1294,2020-10-20,Southwest Airlines Co,2500.3561111111117,3
1295,2020-10-20,United Airlines Inc,2455.1449999999995,4
1296,2020-10-21,,15180.794166666672,1
1297,2020-10-21,Delta Air Lines Inc,2707.9633333333354,2
1298,2020-10-21,Southwest Airlines Co,2485.239722222221,3
1299,2020-10-21,United Airlines Inc,2373.892777777778,4
1300,2020-10-22,,15853.895833333354,1
1301,2020-10-22,Delta Air Lines Inc,3138.5624999999995,2
1302,2020-10-22,United Airlines Inc,2689.8044444444427,3
1303,2020-10-22,Wells Fargo Trust Co Na Trustee,2629.5108333333346,4
1304,2020-10-23,,16415.634444444433,1
1305,2020-10-23,Delta Air Lines Inc,3256.7783333333336,2
1306,2020-10-23,Wells Fargo Trust Co Na Trustee,2882.807777777779,3
1307,2020-10-23,United Airlines Inc,2856.7030555555566,4
1308,2020-10-24,,14641.446666666685,1
1309,2020-10-24,Delta Air Lines Inc,3022.156944444445,2
1310,2020-10-24,American Airlines Inc,2667.0344444444445,3
1311,2020-10-24,United Airlines Inc,2658.541944444445,4
1312,2020-10-25,,15474.448888888914,1
1313,2020-10-25,American Airlines Inc,2730.6222222222214,2
1314,2020-10-25,Delta Air Lines Inc,2713.9624999999996,3
1315,2020-10-25,United Airlines Inc,2712.969444444444,4
1316,2020-10-26,,14134.350555555558,1
1317,2020-10-26,Delta Air Lines Inc,2858.555833333334,2
1318,2020-10-26,American Airlines Inc,2784.3527777777776,3
1319,2020-10-26,Wells Fargo Trust Co Na Trustee,2690.3577777777773,4
1320,2020-10-27,,13965.490555555562,1
1321,2020-10-27,Delta Air Lines Inc,2530.737777777775,2
1322,2020-10-27,Southwest Airlines Co,2442.8963888888884,3
1323,2020-10-27,United Airlines Inc,2376.4441666666653,4
1324,2020-10-28,,14452.03861111109,1
1325,2020-10-28,Delta Air Lines Inc,2554.7341666666666,2
1326,2020-10-28,United Airlines Inc,2450.233611111111,3
1327,2020-10-28,Southwest Airlines Co,2386.986944444444,4
1328,2020-10-29,,15298.634444444458,1
1329,2020-10-29,Delta Air Lines Inc,2752.1969444444453,2
1330,2020-10-29,United Airlines Inc,2623.9427777777773,3
1331,2020-10-29,American Airlines Inc,2595.8938888888883,4
1332,2020-10-30,,16706.573611111122,1
1333,2020-10-30,United Airlines Inc,2856.4244444444444,2
1334,2020-10-30,American Airlines Inc,2777.741944444445,3
1335,2020-10-30,Delta Air Lines Inc,2741.983055555556,4
1336,2020-10-31,,16045.812222222201,1
1337,2020-10-31,United Airlines Inc,2644.492777777777,2
1338,2020-10-31,Delta Air Lines Inc,2525.7411111111132,3
1339,2020-10-31,Southwest Airlines Co,2449.806111111111,4
1340,2020-11-01,,15660.728055555528,1
1341,2020-11-01,United Airlines Inc,2751.177777777777,2
1342,2020-11-01,Delta Air Lines Inc,2416.326666666668,3
1343,2020-11-01,Wells Fargo Trust Co Na Trustee,2228.0566666666673,4
1344,2020-11-02,,14828.565000000006,1
1345,2020-11-02,United Airlines Inc,2922.708888888889,2
1346,2020-11-02,American Airlines Inc,2832.64111111111,3
1347,2020-11-02,Wells Fargo Trust Co Na Trustee,2661.5683333333345,4
1348,2020-11-03,,14550.890833333335,1
1349,2020-11-03,United Airlines Inc,2488.8697222222213,2
1350,2020-11-03,Delta Air Lines Inc,2432.6474999999996,3
1351,2020-11-03,Southwest Airlines Co,2427.0891666666666,4
1352,2020-11-04,,15297.70250000001,1
1353,2020-11-04,United Airlines Inc,2592.865,2
1354,2020-11-04,Southwest Airlines Co,2396.234722222222,3
1355,2020-11-04,Delta Air Lines Inc,2292.353888888889,4
1356,2020-11-05,,15482.353888888867,1
1357,2020-11-05,Southwest Airlines Co,2972.243333333332,2
1358,2020-11-05,United Airlines Inc,2887.667777777777,3
1359,2020-11-05,American Airlines Inc,2881.245555555555,4
1360,2020-11-06,,16143.694722222233,1
1361,2020-11-06,Southwest Airlines Co,3174.7761111111113,2
1362,2020-11-06,United Airlines Inc,3070.4313888888883,3
1363,2020-11-06,American Airlines Inc,3035.2147222222243,4
1364,2020-11-07,,14838.253333333312,1
1365,2020-11-07,American Airlines Inc,2980.4424999999997,2
1366,2020-11-07,United Airlines Inc,2934.4800000000005,3
1367,2020-11-07,Delta Air Lines Inc,2886.7594444444435,4
1368,2020-11-08,,14890.82166666668,1
1369,2020-11-08,American Airlines Inc,3084.60277777778,2
1370,2020-11-08,Delta Air Lines Inc,3039.6591666666673,3
1371,2020-11-08,United Airlines Inc,2967.4958333333316,4
1372,2020-11-09,,13934.111944444452,1
1373,2020-11-09,Delta Air Lines Inc,3340.657222222221,2
1374,2020-11-09,Southwest Airlines Co,3174.4147222222223,3
1375,2020-11-09,American Airlines Inc,2998.858888888889,4
1376,2020-11-10,,13424.548611111099,1
1377,2020-11-10,Delta Air Lines Inc,2944.9666666666667,2
1378,2020-11-10,United Airlines Inc,2584.519444444444,3
1379,2020-11-10,Southwest Airlines Co,2490.581944444445,4
1380,2020-11-11,,14177.01027777779,1
1381,2020-11-11,Delta Air Lines Inc,2820.078055555555,2
1382,2020-11-11,United Airlines Inc,2630.1413888888887,3
1383,2020-11-11,American Airlines Inc,2408.1805555555566,4
1384,2020-11-12,,14557.17416666667,1
1385,2020-11-12,Delta Air Lines Inc,3163.469166666666,2
1386,2020-11-12,American Airlines Inc,2883.4558333333325,3
1387,2020-11-12,United Airlines Inc,2840.2741666666666,4
1388,2020-11-13,,15539.303888888899,1
1389,2020-11-13,Delta Air Lines Inc,3287.9430555555555,2
1390,2020-11-13,Southwest Airlines Co,3042.5369444444455,3
1391,2020-11-13,United Airlines Inc,3030.942222222222,4
1392,2020-11-14,,14306.387499999993,1
1393,2020-11-14,Delta Air Lines Inc,3394.6022222222246,2
1394,2020-11-14,American Airlines Inc,3072.4011111111095,3
1395,2020-11-14,United Airlines Inc,2910.8522222222223,4
1396,2020-11-15,,14492.433333333336,1
1397,2020-11-15,Delta Air Lines Inc,3315.426666666664,2
1398,2020-11-15,American Airlines Inc,3133.0636111111126,3
1399,2020-11-15,United Airlines Inc,3018.372500000001,4
1400,2020-11-16,,14283.203333333324,1
1401,2020-11-16,Delta Air Lines Inc,3457.100000000001,2
1402,2020-11-16,Southwest Airlines Co,3162.441111111108,3
1403,2020-11-16,American Airlines Inc,3088.7300000000005,4
1404,2020-11-17,,13990.503055555568,1
1405,2020-11-17,Delta Air Lines Inc,2996.1019444444455,2
1406,2020-11-17,United Airlines Inc,2680.251944444445,3
1407,2020-11-17,Southwest Airlines Co,2478.4674999999997,4
1408,2020-11-18,,14935.008333333339,1
1409,2020-11-18,Delta Air Lines Inc,2891.4127777777767,2
1410,2020-11-18,United Airlines Inc,2651.2683333333343,3
1411,2020-11-18,American Airlines Inc,2473.0355555555566,4
1412,2020-11-19,,14765.140277777773,1
1413,2020-11-19,Delta Air Lines Inc,3140.9669444444444,2
1414,2020-11-19,American Airlines Inc,2958.354166666667,3
1415,2020-11-19,United Airlines Inc,2925.7377777777783,4
1416,2020-11-20,,15818.613888888874,1
1417,2020-11-20,Delta Air Lines Inc,3385.987222222223,2
1418,2020-11-20,Southwest Airlines Co,3186.4286111111087,3
1419,2020-11-20,United Airlines Inc,3134.8577777777764,4
1420,2020-11-21,,14091.463611111094,1
1421,2020-11-21,Delta Air Lines Inc,3766.3330555555553,2
1422,2020-11-21,Southwest Airlines Co,3500.5436111111094,3
1423,2020-11-21,Wells Fargo Trust Co Na Trustee,3083.8122222222228,4
1424,2020-11-22,,13804.676944444458,1
1425,2020-11-22,Delta Air Lines Inc,3787.739444444444,2
1426,2020-11-22,Southwest Airlines Co,3432.902500000001,3
1427,2020-11-22,American Airlines Inc,3110.0044444444457,4
1428,2020-11-23,,13823.566111111128,1
1429,2020-11-23,Delta Air Lines Inc,3733.7749999999987,2
1430,2020-11-23,Southwest Airlines Co,3567.0008333333326,3
1431,2020-11-23,Wells Fargo Trust Co Na Trustee,2959.2402777777784,4
1432,2020-11-24,,13706.343055555542,1
1433,2020-11-24,Southwest Airlines Co,3816.1183333333315,2
1434,2020-11-24,Delta Air Lines Inc,3753.980277777775,3
1435,2020-11-24,Wells Fargo Trust Co Na Trustee,2978.9430555555546,4
1436,2020-11-25,,14591.770555555577,1
1437,2020-11-25,Southwest Airlines Co,3888.2097222222246,2
1438,2020-11-25,Delta Air Lines Inc,3573.044722222221,3
1439,2020-11-25,Wells Fargo Trust Co Na Trustee,3123.6894444444442,4
1440,2020-11-26,,13360.696111111105,1
1441,2020-11-26,Southwest Airlines Co,3024.3458333333347,2
1442,2020-11-26,Delta Air Lines Inc,2749.3427777777783,3
1443,2020-11-26,United Airlines Inc,2354.5855555555554,4
1444,2020-11-27,,14283.107222222236,1
1445,2020-11-27,Southwest Airlines Co,2960.1741666666667,2
1446,2020-11-27,Wells Fargo Trust Co Na Trustee,2359.2344444444448,3
1447,2020-11-27,United Airlines Inc,2343.9538888888897,4
1448,2020-11-28,,13608.69166666667,1
1449,2020-11-28,Southwest Airlines Co,3533.273333333334,2
1450,2020-11-28,Delta Air Lines Inc,3388.2458333333348,3
1451,2020-11-28,United Airlines Inc,3038.586666666666,4
1452,2020-11-29,,14361.210277777784,1
1453,2020-11-29,Delta Air Lines Inc,3799.4563888888897,2
1454,2020-11-29,Southwest Airlines Co,3661.3163888888876,3
1455,2020-11-29,United Airlines Inc,3365.5261111111113,4
1456,2020-11-30,,11920.140833333338,1
1457,2020-11-30,Delta Air Lines Inc,3393.72638888889,2
1458,2020-11-30,Southwest Airlines Co,3293.078611111112,3
1459,2020-11-30,Wells Fargo Trust Co Na Trustee,2896.731111111112,4
