,Date,Typecode,Daily flying hours,Ranking
0,2019-12-01,,30372.185277777833,1
1,2019-12-01,B738,18765.310833333315,2
2,2019-12-01,A320,14598.552500000014,3
3,2019-12-01,A321,6774.37527777778,4
4,2019-12-02,,34360.29388888898,1
5,2019-12-02,B738,20019.71250000001,2
6,2019-12-02,A320,15919.345833333344,3
7,2019-12-02,A321,7463.9447222222225,4
8,2019-12-03,,35515.65861111104,1
9,2019-12-03,B738,18339.637500000026,2
10,2019-12-03,A320,14949.513888888883,3
11,2019-12-03,A321,6928.5019444444415,4
12,2019-12-04,,36022.709999999934,1
13,2019-12-04,B738,18048.36805555555,2
14,2019-12-04,A320,14976.326388888916,3
15,2019-12-04,B77W,7160.360277777776,4
16,2019-12-05,,37681.113611111155,1
17,2019-12-05,B738,18763.81499999998,2
18,2019-12-05,A320,15431.39361111112,3
19,2019-12-05,B77W,7416.049444444439,4
20,2019-12-06,,38126.93805555551,1
21,2019-12-06,B738,19859.12333333335,2
22,2019-12-06,A320,16230.181111111095,3
23,2019-12-06,B77W,7440.570833333337,4
24,2019-12-07,,36862.97333333332,1
25,2019-12-07,B738,18647.887222222213,2
26,2019-12-07,A320,15344.093611111106,3
27,2019-12-07,B77W,7393.803055555557,4
28,2019-12-08,,34158.0152777779,1
29,2019-12-08,B738,19357.607499999976,2
30,2019-12-08,A320,15873.429166666678,3
31,2019-12-08,B77W,7411.4138888888865,4
32,2019-12-09,,33775.073888889034,1
33,2019-12-09,B738,19448.564166666634,2
34,2019-12-09,A320,16137.44472222217,3
35,2019-12-09,A321,7336.087777777782,4
36,2019-12-10,,34992.612499999996,1
37,2019-12-10,B738,17854.020277777723,2
38,2019-12-10,A320,14964.824444444414,3
39,2019-12-10,B77W,7070.446111111112,4
40,2019-12-11,,37273.717222222156,1
41,2019-12-11,B738,17903.64222222224,2
42,2019-12-11,A320,15098.41416666663,3
43,2019-12-11,B77W,7262.856944444442,4
44,2019-12-12,,39120.07166666673,1
45,2019-12-12,B738,19176.489166666746,2
46,2019-12-12,A320,15912.80888888891,3
47,2019-12-12,A321,7229.159166666668,4
48,2019-12-13,,33542.25749999995,1
49,2019-12-13,B738,17898.681666666685,2
50,2019-12-13,A320,15358.925,3
51,2019-12-13,A321,6780.336111111106,4
52,2019-12-15,,35532.296388888935,1
53,2019-12-15,B738,19604.790833333333,2
54,2019-12-15,A320,16350.503888888907,3
55,2019-12-15,B77W,7229.10416666667,4
56,2019-12-16,,36434.84166666671,1
57,2019-12-16,B738,20407.367500000037,2
58,2019-12-16,A320,16877.195,3
59,2019-12-16,A321,7494.539444444445,4
60,2019-12-17,,31368.873611111223,1
61,2019-12-17,B738,16190.075000000013,2
62,2019-12-17,A320,14358.105277777771,3
63,2019-12-17,A321,6328.314166666665,4
64,2019-12-18,,38172.595555555614,1
65,2019-12-18,B738,18632.37388888889,2
66,2019-12-18,A320,16071.201388888878,3
67,2019-12-18,A321,7128.033333333335,4
68,2019-12-19,,41402.20555555558,1
69,2019-12-19,B738,21036.223333333342,2
70,2019-12-19,A320,17115.940833333352,3
71,2019-12-19,A321,7694.638611111108,4
72,2019-12-20,,42662.033333333544,1
73,2019-12-20,B738,21528.496111111097,2
74,2019-12-20,A320,17723.213888888913,3
75,2019-12-20,A321,7980.6141666666645,4
76,2019-12-21,,36208.441388888874,1
77,2019-12-21,B738,19025.890277777762,2
78,2019-12-21,A320,15677.155555555566,3
79,2019-12-21,A321,7238.766666666665,4
80,2019-12-22,,37844.190833333305,1
81,2019-12-22,B738,21677.764999999974,2
82,2019-12-22,A320,17453.286666666638,3
83,2019-12-22,A321,8023.750555555571,4
84,2019-12-23,,37080.68111111113,1
85,2019-12-23,B738,21517.734444444402,2
86,2019-12-23,A320,17213.72388888889,3
87,2019-12-23,A321,7827.3280555555475,4
88,2019-12-24,,31528.385000000028,1
89,2019-12-24,B738,18947.594722222217,2
90,2019-12-24,A320,16001.849166666663,3
91,2019-12-24,A321,7372.771944444442,4
92,2019-12-25,,24926.80027777775,1
93,2019-12-25,B738,15543.414444444417,2
94,2019-12-25,A320,14232.30638888888,3
95,2019-12-25,B77W,7267.373055555558,4
96,2019-12-26,,35274.63500000012,1
97,2019-12-26,B738,20236.782777777757,2
98,2019-12-26,A320,16598.56666666666,3
99,2019-12-26,A321,7371.298333333334,4
100,2019-12-27,,33539.87305555554,1
101,2019-12-27,B738,19493.72361111117,2
102,2019-12-27,A320,15817.148888888869,3
103,2019-12-27,A321,7060.625555555545,4
104,2019-12-28,,37872.89694444463,1
105,2019-12-28,B738,21444.239444444458,2
106,2019-12-28,A320,16966.665555555548,3
107,2019-12-28,A321,8015.097222222219,4
108,2019-12-29,,36101.0005555556,1
109,2019-12-29,B738,22051.405833333323,2
110,2019-12-29,A320,17492.999166666632,3
111,2019-12-29,A321,7877.90833333334,4
112,2019-12-30,,35789.98500000007,1
113,2019-12-30,B738,21200.86444444446,2
114,2019-12-30,A320,17101.610277777803,3
115,2019-12-30,A321,7908.304444444446,4
116,2019-12-31,,32643.91499999992,1
117,2019-12-31,B738,19251.801944444494,2
118,2019-12-31,A320,16024.623888888918,3
119,2019-12-31,A321,7364.230833333331,4
120,2020-01-01,B738,21341.99555555555,1
121,2020-01-01,A320,17720.484722222194,2
122,2020-01-01,,11715.650000000012,3
123,2020-01-01,B77W,8100.868055555558,4
124,2020-01-02,B738,21894.777777777796,1
125,2020-01-02,A320,17687.936111111103,2
126,2020-01-02,,13204.375277777786,3
127,2020-01-02,A321,7947.928055555565,4
128,2020-01-03,B738,24928.327500000036,1
129,2020-01-03,A320,19558.11055555554,2
130,2020-01-03,,14452.30750000001,3
131,2020-01-03,A321,8940.658055555554,4
132,2020-01-04,B738,24837.8911111111,1
133,2020-01-04,A320,19778.388611111124,2
134,2020-01-04,,15081.993333333336,3
135,2020-01-04,A321,9143.974999999999,4
136,2020-01-05,B738,24940.083611111193,1
137,2020-01-05,A320,19988.99111111107,2
138,2020-01-05,,16331.611666666644,3
139,2020-01-05,A321,9004.475833333336,4
140,2020-01-06,B738,24122.748333333348,1
141,2020-01-06,A320,19176.356666666703,2
142,2020-01-06,,16303.101944444446,3
143,2020-01-06,A321,8765.196944444448,4
144,2020-01-07,B738,19421.67027777779,1
145,2020-01-07,A320,15932.114722222248,2
146,2020-01-07,,14617.437500000024,3
147,2020-01-07,A321,7317.257500000002,4
148,2020-01-08,B738,20454.45583333337,1
149,2020-01-08,A320,16764.291388888916,2
150,2020-01-08,,15376.350277777792,3
151,2020-01-08,B77W,7872.226944444437,4
152,2020-01-09,B738,21867.17027777779,1
153,2020-01-09,A320,17685.189444444437,2
154,2020-01-09,,15368.047222222236,3
155,2020-01-09,B77W,8210.641111111112,4
156,2020-01-10,B738,22911.583611111062,1
157,2020-01-10,A320,18820.840833333314,2
158,2020-01-10,,14446.576111111126,3
159,2020-01-10,A321,8556.78277777778,4
160,2020-01-11,B738,22435.16916666667,1
161,2020-01-11,A320,18334.328888888893,2
162,2020-01-11,,12565.047777777765,3
163,2020-01-11,B77W,8412.034444444447,4
164,2020-01-12,B738,20171.357222222192,1
165,2020-01-12,A320,16622.019444444457,2
166,2020-01-12,,12347.446944444451,3
167,2020-01-12,A321,7173.785555555552,4
168,2020-01-13,B738,22441.435277777753,1
169,2020-01-13,A320,17871.802222222217,2
170,2020-01-13,,13480.791388888902,3
171,2020-01-13,A321,8404.442500000001,4
172,2020-01-14,B738,20226.844166666673,1
173,2020-01-14,A320,16914.30222222219,2
174,2020-01-14,,13315.119166666671,3
175,2020-01-14,B77W,7894.880277777775,4
176,2020-01-15,B738,20111.80000000004,1
177,2020-01-15,A320,16911.2347222222,2
178,2020-01-15,,15497.97611111113,3
179,2020-01-15,B77W,8037.966944444441,4
180,2020-01-16,B738,21506.595555555556,1
181,2020-01-16,A320,17325.204444444484,2
182,2020-01-16,,14712.564722222232,3
183,2020-01-16,B77W,8091.59,4
184,2020-01-17,B738,22788.472222222277,1
185,2020-01-17,A320,18580.60500000005,2
186,2020-01-17,,15429.17833333338,3
187,2020-01-17,A321,8268.318611111112,4
188,2020-01-18,B738,21038.759444444455,1
189,2020-01-18,A320,16888.18388888886,2
190,2020-01-18,,12097.693055555572,3
191,2020-01-18,B77W,7753.090277777777,4
192,2020-01-19,B738,20199.029166666674,1
193,2020-01-19,A320,16483.524444444454,2
194,2020-01-19,,12669.840277777752,3
195,2020-01-19,A321,7054.839444444444,4
196,2020-01-20,B738,21967.390833333386,1
197,2020-01-20,A320,17849.084444444466,2
198,2020-01-20,,17201.274999999954,3
199,2020-01-20,A321,8207.64638888889,4
200,2020-01-21,B738,18154.299722222226,1
201,2020-01-21,A320,15440.537499999988,2
202,2020-01-21,,14398.430277777807,3
203,2020-01-21,A321,6931.709444444459,4
204,2020-01-22,B738,19976.29027777781,1
205,2020-01-22,A320,16610.14083333336,2
206,2020-01-22,,14760.414999999975,3
207,2020-01-22,A321,7642.539999999997,4
208,2020-01-23,B738,21714.226388888885,1
209,2020-01-23,A320,17471.051944444425,2
210,2020-01-23,,16384.431944444434,3
211,2020-01-23,B77W,8100.405555555555,4
212,2020-01-24,B738,22614.543611111076,1
213,2020-01-24,A320,18507.07027777777,2
214,2020-01-24,,16742.32222222223,3
215,2020-01-24,A321,8356.478611111119,4
216,2020-01-25,B738,19917.390833333342,1
217,2020-01-25,A320,16135.681111111127,2
218,2020-01-25,,13096.401388888895,3
219,2020-01-25,A321,7130.052500000003,4
220,2020-01-26,B738,22475.899166666673,1
221,2020-01-26,A320,18342.989999999983,2
222,2020-01-26,,14676.983611111122,3
223,2020-01-26,A321,7856.376388888886,4
224,2020-01-27,B738,22230.757222222208,1
225,2020-01-27,A320,18406.801388888907,2
226,2020-01-27,,14639.357500000006,3
227,2020-01-27,A321,8198.044166666668,4
228,2020-01-28,B738,20284.250833333317,1
229,2020-01-28,A320,16954.20722222221,2
230,2020-01-28,,14682.890833333342,3
231,2020-01-28,A321,7758.504722222221,4
232,2020-01-29,B738,19849.748333333348,1
233,2020-01-29,A320,16653.46750000002,2
234,2020-01-29,,15175.060277777804,3
235,2020-01-29,B77W,7834.36527777778,4
236,2020-01-30,B738,18879.288055555564,1
237,2020-01-30,A320,15587.659444444482,2
238,2020-01-30,,14972.218888888867,3
239,2020-01-30,A321,6942.416666666677,4
240,2020-01-31,B738,21979.042500000003,1
241,2020-01-31,,18868.886388888903,2
242,2020-01-31,A320,18270.83916666668,3
243,2020-01-31,A321,8024.082499999989,4
244,2020-02-01,,37581.981944444706,1
245,2020-02-01,B738,18754.24361111113,2
246,2020-02-01,A320,15681.127222222243,3
247,2020-02-01,B77W,7508.618333333331,4
248,2020-02-02,,38485.67527777787,1
249,2020-02-02,B738,18548.700833333314,2
250,2020-02-02,A320,15723.263611111117,3
251,2020-02-02,B77W,7206.030555555555,4
252,2020-02-03,,38777.37444444449,1
253,2020-02-03,B738,18415.524722222173,2
254,2020-02-03,A320,15725.912777777798,3
255,2020-02-03,B77W,7024.538888888893,4
256,2020-02-04,,35314.10055555555,1
257,2020-02-04,B738,17096.170277777775,2
258,2020-02-04,A320,14260.89111111112,3
259,2020-02-04,B77W,6781.603888888892,4
260,2020-02-05,,36388.896111110975,1
261,2020-02-05,B738,16869.391388888904,2
262,2020-02-05,A320,14112.083888888877,3
263,2020-02-05,B77W,6811.622499999999,4
264,2020-02-06,,37508.24833333331,1
265,2020-02-06,B738,17751.933055555543,2
266,2020-02-06,A320,14751.453611111105,3
267,2020-02-06,B77W,6869.485555555558,4
268,2020-02-07,,39174.668055555674,1
269,2020-02-07,B738,18705.600833333352,2
270,2020-02-07,A320,15774.53527777778,3
271,2020-02-07,A321,6975.3866666666745,4
272,2020-02-08,,40390.52416666671,1
273,2020-02-08,B738,18562.719166666633,2
274,2020-02-08,A320,15214.556944444445,3
275,2020-02-08,B77W,6994.4944444444445,4
276,2020-02-09,,35696.97055555565,1
277,2020-02-09,B738,18161.268611111132,2
278,2020-02-09,A320,14489.833055555562,3
279,2020-02-09,B77W,6819.665833333332,4
280,2020-02-10,,35236.22194444439,1
281,2020-02-10,B738,18652.198333333374,2
282,2020-02-10,A320,15151.806944444445,3
283,2020-02-10,A321,6755.484166666678,4
284,2020-02-11,,34706.97000000012,1
285,2020-02-11,B738,16932.93666666667,2
286,2020-02-11,A320,14333.532222222228,3
287,2020-02-11,B77W,6588.56583333333,4
288,2020-02-12,,38549.57444444448,1
289,2020-02-12,B738,16791.817500000012,2
290,2020-02-12,A320,14225.479722222235,3
291,2020-02-12,B77W,6613.686388888889,4
292,2020-02-13,,38796.44111111092,1
293,2020-02-13,B738,17596.666944444423,2
294,2020-02-13,A320,14803.417500000007,3
295,2020-02-13,B77W,6651.692777777783,4
296,2020-02-14,,39599.452500000116,1
297,2020-02-14,B738,17210.424722222248,2
298,2020-02-14,A320,14552.31666666665,3
299,2020-02-14,A321,6417.27083333333,4
300,2020-02-15,,41439.59027777781,1
301,2020-02-15,B738,18254.775555555538,2
302,2020-02-15,A320,15133.759166666674,3
303,2020-02-15,A321,6807.7591666666585,4
304,2020-02-16,,40021.41166666655,1
305,2020-02-16,B738,18528.073055555535,2
306,2020-02-16,A320,15426.638611111128,3
307,2020-02-16,B77W,6837.995833333331,4
308,2020-02-17,,41210.00388888882,1
309,2020-02-17,B738,18072.025555555563,2
310,2020-02-17,A320,15311.353611111099,3
311,2020-02-17,A321,6724.412777777776,4
312,2020-02-18,,37449.966388888846,1
313,2020-02-18,B738,16671.63194444443,2
314,2020-02-18,A320,14584.439166666656,3
315,2020-02-18,A321,6350.919722222214,4
316,2020-02-19,,40382.869722222254,1
317,2020-02-19,B738,16987.27111111113,2
318,2020-02-19,A320,14714.175277777747,3
319,2020-02-19,A321,6600.370833333327,4
320,2020-02-20,,41107.262222222205,1
321,2020-02-20,B738,17848.638888888887,2
322,2020-02-20,A320,15051.832777777763,3
323,2020-02-20,A321,6786.975555555557,4
324,2020-02-21,,45106.986944444696,1
325,2020-02-21,B738,18824.99138888887,2
326,2020-02-21,A320,15924.90555555556,3
327,2020-02-21,A321,7075.539999999997,4
328,2020-02-22,,43057.94805555544,1
329,2020-02-22,B738,18467.948611111162,2
330,2020-02-22,A320,15332.550555555614,3
331,2020-02-22,A321,6909.359444444444,4
332,2020-02-23,,41030.757500000254,1
333,2020-02-23,B738,18170.281111111115,2
334,2020-02-23,A320,15545.692222222238,3
335,2020-02-23,A321,6793.309166666669,4
336,2020-02-24,,39331.66388888881,1
337,2020-02-24,B738,18371.128888888932,2
338,2020-02-24,A320,15477.753333333323,3
339,2020-02-24,A321,6815.733055555554,4
340,2020-02-25,,37075.823333333305,1
341,2020-02-25,B738,16873.097500000018,2
342,2020-02-25,A320,14472.442222222224,3
343,2020-02-25,A321,6510.683055555558,4
344,2020-02-26,,37131.94000000002,1
345,2020-02-26,B738,17037.524166666666,2
346,2020-02-26,A320,14949.64750000001,3
347,2020-02-26,A321,6541.5158333333275,4
348,2020-02-27,,42107.760555555564,1
349,2020-02-27,B738,17636.978055555544,2
350,2020-02-27,A320,15266.490277777782,3
351,2020-02-27,A321,6596.1963888888795,4
352,2020-02-28,,43829.03138888895,1
353,2020-02-28,B738,18553.711111111093,2
354,2020-02-28,A320,15789.70944444445,3
355,2020-02-28,A321,6841.12777777778,4
356,2020-02-29,,42501.86583333333,1
357,2020-02-29,B738,18079.36444444443,2
358,2020-02-29,A320,15152.62472222225,3
359,2020-02-29,A321,6824.729444444449,4
360,2020-03-01,,40077.58833333333,1
361,2020-03-01,B738,18528.99500000001,2
362,2020-03-01,A320,15556.705000000004,3
363,2020-03-01,A321,6808.349999999997,4
364,2020-03-02,,37700.76138888889,1
365,2020-03-02,B738,18030.192499999983,2
366,2020-03-02,A320,15431.758333333364,3
367,2020-03-02,A321,6790.586111111111,4
368,2020-03-03,,37758.3927777778,1
369,2020-03-03,B738,16520.411111111134,2
370,2020-03-03,A320,14403.792777777784,3
371,2020-03-03,A321,6428.039999999999,4
372,2020-03-04,,40364.92138888884,1
373,2020-03-04,B738,16508.47444444447,2
374,2020-03-04,A320,14557.657222222198,3
375,2020-03-04,A321,6365.435277777787,4
376,2020-03-05,,42758.65194444458,1
377,2020-03-05,B738,17176.062777777777,2
378,2020-03-05,A320,14828.5441666667,3
379,2020-03-05,A321,6450.917777777777,4
380,2020-03-06,,41944.50666666654,1
381,2020-03-06,B738,18243.899166666717,2
382,2020-03-06,A320,15667.08388888889,3
383,2020-03-06,A321,6696.819444444439,4
384,2020-03-07,,40702.32916666694,1
385,2020-03-07,B738,18080.423888888887,2
386,2020-03-07,A320,15051.26805555557,3
387,2020-03-07,A321,6434.868888888892,4
388,2020-03-08,,41670.26000000024,1
389,2020-03-08,B738,18915.788055555582,2
390,2020-03-08,A320,15481.170833333324,3
391,2020-03-08,A321,6592.571944444439,4
392,2020-03-09,,38965.05527777775,1
393,2020-03-09,B738,17686.826111111113,2
394,2020-03-09,A320,14258.599999999999,3
395,2020-03-09,A321,6357.548055555555,4
396,2020-03-10,,36568.53194444451,1
397,2020-03-10,B738,16265.796666666669,2
398,2020-03-10,A320,13472.856666666652,3
399,2020-03-10,A321,6022.807500000006,4
400,2020-03-11,,37674.562777777806,1
401,2020-03-11,B738,16151.284444444449,2
402,2020-03-11,A320,13370.725000000002,3
403,2020-03-11,A321,5971.471944444444,4
404,2020-03-12,,38285.08472222225,1
405,2020-03-12,B738,16878.52833333332,2
406,2020-03-12,A320,13617.66833333335,3
407,2020-03-12,A321,6046.456944444448,4
408,2020-03-13,,37470.74111111124,1
409,2020-03-13,B738,17390.59277777778,2
410,2020-03-13,A320,14178.335277777765,3
411,2020-03-13,A321,6226.594999999999,4
412,2020-03-14,,36213.21583333328,1
413,2020-03-14,B738,16652.401944444406,2
414,2020-03-14,A320,13290.595555555563,3
415,2020-03-14,A321,6009.598611111108,4
416,2020-03-15,,35898.888611111244,1
417,2020-03-15,B738,17004.193333333304,2
418,2020-03-15,A320,13218.10750000001,3
419,2020-03-15,A321,5825.650833333331,4
420,2020-03-16,,34162.92638888889,1
421,2020-03-16,B738,15709.68944444443,2
422,2020-03-16,A320,12184.964722222217,3
423,2020-03-16,B737,5687.813055555558,4
424,2020-03-17,,31707.00194444434,1
425,2020-03-17,B738,14063.05805555555,2
426,2020-03-17,A320,10702.578888888876,3
427,2020-03-17,B737,5317.161388888889,4
428,2020-03-18,,30672.88583333332,1
429,2020-03-18,B738,13105.783333333326,2
430,2020-03-18,A320,9690.741666666669,3
431,2020-03-18,B737,4737.291111111108,4
432,2020-03-19,,27107.68833333334,1
433,2020-03-19,B738,12925.948055555553,2
434,2020-03-19,A320,8832.348055555554,3
435,2020-03-19,B77W,4731.751388888891,4
436,2020-03-20,,27241.453611111123,1
437,2020-03-20,B738,12648.845833333355,2
438,2020-03-20,A320,8699.254166666666,3
439,2020-03-20,B77W,4664.573888888888,4
440,2020-03-21,,27412.550555555456,1
441,2020-03-21,B738,10688.647777777765,2
442,2020-03-21,A320,7561.921111111109,3
443,2020-03-21,B77W,4450.931666666668,4
444,2020-03-22,,22866.16138888889,1
445,2020-03-22,B738,9078.532777777784,2
446,2020-03-22,A320,6838.900000000004,3
447,2020-03-22,B77W,3938.8888888888896,4
448,2020-03-23,,17633.578611111134,1
449,2020-03-23,B738,7481.911666666672,2
450,2020-03-23,A320,5457.138055555559,3
451,2020-03-23,B737,3523.330833333335,4
452,2020-03-24,,18777.691388888914,1
453,2020-03-24,B738,6377.443888888889,2
454,2020-03-24,A320,4692.076944444438,3
455,2020-03-24,B737,3464.549722222221,4
456,2020-03-25,,17981.88694444445,1
457,2020-03-25,B738,5259.669166666663,2
458,2020-03-25,A320,3900.578333333331,3
459,2020-03-25,B737,3385.179722222226,4
460,2020-03-26,,18556.758888888926,1
461,2020-03-26,B738,5125.993888888888,2
462,2020-03-26,A320,3676.9783333333357,3
463,2020-03-26,B737,3420.9483333333364,4
464,2020-03-27,,17008.847222222204,1
465,2020-03-27,B738,4875.113333333338,2
466,2020-03-27,A320,3552.0716666666704,3
467,2020-03-27,B737,2674.088333333332,4
468,2020-03-28,,14816.856944444457,1
469,2020-03-28,B738,4487.566944444443,2
470,2020-03-28,A320,3133.8158333333313,3
471,2020-03-28,B737,2538.0274999999983,4
472,2020-03-29,,13540.763888888861,1
473,2020-03-29,B738,4514.445833333327,2
474,2020-03-29,A320,2996.292777777778,3
475,2020-03-29,B737,2493.965277777777,4
476,2020-03-30,,14099.42333333335,1
477,2020-03-30,B738,4296.0066666666635,2
478,2020-03-30,A320,2553.3486111111088,3
479,2020-03-30,B737,2437.024444444445,4
480,2020-03-31,,14537.754444444465,1
481,2020-03-31,B738,3987.272777777778,2
482,2020-03-31,B737,2436.412222222222,3
483,2020-03-31,A320,2413.7963888888903,4
484,2020-04-01,,15489.904444444457,1
485,2020-04-01,B738,3824.667499999999,2
486,2020-04-01,B737,2636.822499999999,3
487,2020-04-01,A320,2264.1947222222207,4
488,2020-04-02,,14252.167777777757,1
489,2020-04-02,B738,3659.7249999999976,2
490,2020-04-02,B737,2427.9636111111117,3
491,2020-04-02,A320,1864.2897222222218,4
492,2020-04-03,,13957.649444444434,1
493,2020-04-03,B738,3736.574722222219,2
494,2020-04-03,B737,2391.2894444444432,3
495,2020-04-03,A320,2082.5408333333335,4
496,2020-04-04,,12611.680833333321,1
497,2020-04-04,B738,3346.8066666666696,2
498,2020-04-04,B737,2436.3777777777777,3
499,2020-04-04,A320,1897.772777777777,4
500,2020-04-05,,12088.640833333291,1
501,2020-04-05,B738,3604.201666666666,2
502,2020-04-05,B737,2238.0069444444434,3
503,2020-04-05,A320,1950.8055555555547,4
504,2020-04-06,,12388.959166666642,1
505,2020-04-06,B738,3767.5922222222207,2
506,2020-04-06,B737,2400.3116666666688,3
507,2020-04-06,A320,1968.1741666666662,4
508,2020-04-07,,13032.672777777821,1
509,2020-04-07,B738,3181.884722222224,2
510,2020-04-07,B737,2282.241111111112,3
511,2020-04-07,B77L,1624.7999999999993,4
512,2020-04-08,,13602.12666666664,1
513,2020-04-08,B738,3055.341666666669,2
514,2020-04-08,B737,2268.7336111111117,3
515,2020-04-08,B77L,1675.1211111111115,4
516,2020-04-09,,12531.973055555569,1
517,2020-04-09,B738,3376.078888888886,2
518,2020-04-09,B737,2285.767777777778,3
519,2020-04-09,B77W,1702.519444444445,4
520,2020-04-10,,13448.399722222204,1
521,2020-04-10,B738,3253.6513888888894,2
522,2020-04-10,B737,2266.4747222222218,3
523,2020-04-10,B77L,1700.0158333333334,4
524,2020-04-11,,13803.293888888891,1
525,2020-04-11,B738,2858.8030555555574,2
526,2020-04-11,B737,2163.881944444444,3
527,2020-04-11,B77W,1894.906111111111,4
528,2020-04-12,,10062.307222222224,1
529,2020-04-12,B738,2740.4372222222255,2
530,2020-04-12,B77W,1767.31,3
531,2020-04-12,B737,1722.1402777777776,4
532,2020-04-13,,10372.14805555555,1
533,2020-04-13,B738,3157.8530555555585,2
534,2020-04-13,B737,2320.143611111112,3
535,2020-04-13,B77W,1462.286944444445,4
536,2020-04-14,,14485.534166666672,1
537,2020-04-14,B738,2603.224444444443,2
538,2020-04-14,B737,1858.8936111111125,3
539,2020-04-14,B77W,1608.3338888888884,4
540,2020-04-15,,14853.664722222182,1
541,2020-04-15,B738,2495.464444444445,2
542,2020-04-15,B77W,1793.9372222222219,3
543,2020-04-15,B737,1663.0213888888889,4
544,2020-04-16,,14954.451111111124,1
545,2020-04-16,B738,2339.992777777777,2
546,2020-04-16,B77W,1758.9677777777774,3
547,2020-04-16,B77L,1615.8602777777778,4
548,2020-04-17,,13946.35444444446,1
549,2020-04-17,B738,2459.8991666666643,2
550,2020-04-17,B77W,1803.4724999999999,3
551,2020-04-17,B77L,1616.7655555555552,4
552,2020-04-18,,12652.838333333377,1
553,2020-04-18,B738,2147.865555555557,2
554,2020-04-18,B77W,1835.9119444444439,3
555,2020-04-18,B737,1809.447222222223,4
556,2020-04-19,,12964.580833333337,1
557,2020-04-19,B738,2258.9894444444462,2
558,2020-04-19,B77W,1725.7149999999997,3
559,2020-04-19,B744,1714.3013888888886,4
560,2020-04-20,,12754.074166666693,1
561,2020-04-20,B738,2275.2066666666665,2
562,2020-04-20,B77W,1793.8158333333333,3
563,2020-04-20,B744,1560.867777777778,4
564,2020-04-21,,14837.86388888894,1
565,2020-04-21,B738,2247.6005555555557,2
566,2020-04-21,B77W,1889.7741666666668,3
567,2020-04-21,B77L,1655.7316666666666,4
568,2020-04-22,,15989.655277777756,1
569,2020-04-22,B738,2221.514722222223,2
570,2020-04-22,B77W,2094.879166666667,3
571,2020-04-22,B77L,1737.0261111111117,4
572,2020-04-23,,15371.742500000015,1
573,2020-04-23,B77W,2329.1736111111113,2
574,2020-04-23,B738,2216.6352777777765,3
575,2020-04-23,B77L,1732.8327777777777,4
576,2020-04-24,,14742.561111111094,1
577,2020-04-24,B738,2413.451111111112,2
578,2020-04-24,B77W,2312.9250000000006,3
579,2020-04-24,B77L,1711.223611111111,4
580,2020-04-25,,16135.82416666667,1
581,2020-04-25,B77W,2399.5813888888893,2
582,2020-04-25,B738,2188.035277777779,3
583,2020-04-25,B77L,1585.6636111111113,4
584,2020-04-26,,14913.171111111113,1
585,2020-04-26,B77W,2368.9766666666665,2
586,2020-04-26,B738,2084.1175000000003,3
587,2020-04-26,B744,1692.3463888888887,4
588,2020-04-27,,15246.077222222248,1
589,2020-04-27,B77W,2228.5252777777782,2
590,2020-04-27,B738,2053.7194444444435,3
591,2020-04-27,B744,1542.0227777777777,4
592,2020-04-28,,16275.339166666672,1
593,2020-04-28,B77W,2373.710277777778,2
594,2020-04-28,B738,2140.1324999999993,3
595,2020-04-28,B763,1537.026944444444,4
596,2020-04-29,,14861.727222222213,1
597,2020-04-29,B77W,2582.444166666667,2
598,2020-04-29,B738,2095.114444444444,3
599,2020-04-29,B744,1577.1761111111107,4
600,2020-04-30,,16007.784444444453,1
601,2020-04-30,B77W,2638.783888888888,2
602,2020-04-30,B738,2099.823611111112,3
603,2020-04-30,B744,1616.0583333333334,4
604,2020-05-01,,18247.03805555556,1
605,2020-05-01,B77W,3072.6658333333335,2
606,2020-05-01,B738,2413.4855555555564,3
607,2020-05-01,B77L,1622.7744444444445,4
608,2020-05-02,,17839.56333333333,1
609,2020-05-02,B77W,2831.069444444444,2
610,2020-05-02,B738,2281.9647222222247,3
611,2020-05-02,B737,1611.8447222222223,4
612,2020-05-03,,16299.927777777795,1
613,2020-05-03,B77W,2735.722777777777,2
614,2020-05-03,B738,2517.581944444444,3
615,2020-05-03,B744,1719.7902777777776,4
616,2020-05-04,,16340.501388888913,1
617,2020-05-04,B738,2479.9877777777797,2
618,2020-05-04,B77W,2365.4397222222215,3
619,2020-05-04,B737,1561.5919444444442,4
620,2020-05-05,,17210.59916666665,1
621,2020-05-05,B77W,2690.341111111112,2
622,2020-05-05,B738,2467.1472222222233,3
623,2020-05-05,B763,1576.2322222222226,4
624,2020-05-06,,18076.04666666668,1
625,2020-05-06,B77W,2578.0172222222222,2
626,2020-05-06,B738,2271.1891666666675,3
627,2020-05-06,B77L,1648.5036111111108,4
628,2020-05-07,,20663.411388888955,1
629,2020-05-07,B77W,2638.3744444444437,2
630,2020-05-07,B738,2414.0458333333336,3
631,2020-05-07,B737,1628.6019444444444,4
632,2020-05-08,,18255.76500000001,1
633,2020-05-08,B77W,2934.4572222222214,2
634,2020-05-08,B738,2543.3405555555532,3
635,2020-05-08,B77L,1637.3549999999998,4
636,2020-05-09,,18283.70861111112,1
637,2020-05-09,B77W,2960.698611111112,2
638,2020-05-09,B738,2221.3847222222216,3
639,2020-05-09,B77L,1569.8963888888889,4
640,2020-05-10,,15062.981944444466,1
641,2020-05-10,B77W,2969.5486111111113,2
642,2020-05-10,B738,2245.3727777777776,3
643,2020-05-10,B744,1640.1247222222228,4
644,2020-05-11,,16493.036944444415,1
645,2020-05-11,B77W,2825.4283333333333,2
646,2020-05-11,B738,2303.807777777776,3
647,2020-05-11,B737,1629.8141666666654,4
648,2020-05-12,,17944.17722222223,1
649,2020-05-12,B77W,3027.6383333333333,2
650,2020-05-12,B738,2147.7186111111105,3
651,2020-05-12,B737,1665.316388888888,4
652,2020-05-13,,19564.311944444493,1
653,2020-05-13,B77W,3054.790833333333,2
654,2020-05-13,B738,2207.819166666666,3
655,2020-05-13,B744,1701.1561111111114,4
656,2020-05-14,,19264.419166666674,1
657,2020-05-14,B77W,3443.7950000000023,2
658,2020-05-14,B738,2318.765833333333,3
659,2020-05-14,B77L,1686.3061111111108,4
660,2020-05-15,,19962.81305555559,1
661,2020-05-15,B77W,3276.780555555555,2
662,2020-05-15,B738,2408.189444444443,3
663,2020-05-15,B77L,1697.4608333333335,4
664,2020-05-16,,20068.132500000014,1
665,2020-05-16,B77W,3406.0838888888884,2
666,2020-05-16,B738,2397.393055555555,3
667,2020-05-16,B744,1622.4336111111113,4
668,2020-05-17,,17840.018333333268,1
669,2020-05-17,B77W,3277.2283333333335,2
670,2020-05-17,B738,2596.9366666666683,3
671,2020-05-17,B744,1638.7730555555554,4
672,2020-05-18,,16835.94944444445,1
673,2020-05-18,B77W,2753.1463888888893,2
674,2020-05-18,B738,2600.8988888888894,3
675,2020-05-18,B737,1591.173055555556,4
676,2020-05-19,,18423.814999999977,1
677,2020-05-19,B77W,2964.347500000001,2
678,2020-05-19,B738,2314.4280555555542,3
679,2020-05-19,B737,1593.5925000000002,4
680,2020-05-20,,20863.334444444394,1
681,2020-05-20,B77W,3152.1274999999987,2
682,2020-05-20,B738,2728.8891666666686,3
683,2020-05-20,B744,1718.7847222222217,4
684,2020-05-21,,22910.51805555552,1
685,2020-05-21,B77W,3304.0666666666684,2
686,2020-05-21,B738,2759.684444444441,3
687,2020-05-21,B77L,1671.2319444444447,4
688,2020-05-22,,22500.74000000004,1
689,2020-05-22,B77W,3030.6183333333333,2
690,2020-05-22,B738,2899.7300000000014,3
691,2020-05-22,B77L,1651.4308333333333,4
692,2020-05-23,,19765.47833333335,1
693,2020-05-23,B77W,3302.4130555555566,2
694,2020-05-23,B738,2676.8544444444433,3
695,2020-05-23,B77L,1608.2247222222222,4
696,2020-05-24,,17551.13777777777,1
697,2020-05-24,B77W,3131.91361111111,2
698,2020-05-24,B738,2658.2061111111097,3
699,2020-05-24,B744,1634.4830555555557,4
700,2020-05-25,,17345.155833333323,1
701,2020-05-25,B77W,2749.1386111111096,2
702,2020-05-25,B738,2746.6530555555555,3
703,2020-05-25,B737,1551.161388888888,4
704,2020-05-26,,19876.157222222275,1
705,2020-05-26,B77W,2852.2627777777775,2
706,2020-05-26,B738,2665.849166666667,3
707,2020-05-26,B77L,1584.1686111111107,4
708,2020-05-27,,21475.457499999993,1
709,2020-05-27,B77W,3069.0247222222224,2
710,2020-05-27,B738,2733.7061111111116,3
711,2020-05-27,B77L,1685.1061111111117,4
712,2020-05-28,,20634.20277777772,1
713,2020-05-28,B77W,3073.0488888888904,2
714,2020-05-28,B738,2797.053055555555,3
715,2020-05-28,B77L,1673.2966666666666,4
716,2020-05-29,,22452.574722222278,1
717,2020-05-29,B738,2874.089166666666,2
718,2020-05-29,B77W,2831.2775,3
719,2020-05-29,B77L,1605.201944444444,4
720,2020-05-30,,22294.332222222183,1
721,2020-05-30,B77W,2970.5722222222216,2
722,2020-05-30,B738,2752.3188888888885,3
723,2020-05-30,B77L,1612.5108333333328,4
724,2020-05-31,,22977.216944444408,1
725,2020-05-31,B738,3127.8208333333328,2
726,2020-05-31,B77W,2877.2252777777767,3
727,2020-05-31,B77L,1558.6272222222224,4
728,2020-06-01,,22565.37527777787,1
729,2020-06-01,B738,3089.3091666666655,2
730,2020-06-01,B77W,2424.3077777777776,3
731,2020-06-01,A320,1901.463055555556,4
732,2020-06-02,,23096.45138888888,1
733,2020-06-02,B738,2913.5555555555584,2
734,2020-06-02,B77W,2417.085277777778,3
735,2020-06-02,A320,1641.0483333333325,4
736,2020-06-03,,23164.476388888936,1
737,2020-06-03,B738,3192.116944444446,2
738,2020-06-03,B77W,2892.4561111111116,3
739,2020-06-03,B737,1652.5583333333343,4
740,2020-06-04,,24103.66333333338,1
741,2020-06-04,B738,3376.2433333333324,2
742,2020-06-04,B77W,2961.8275000000003,3
743,2020-06-04,A320,1878.4455555555546,4
744,2020-06-05,,23543.942222222227,1
745,2020-06-05,B738,3623.588333333333,2
746,2020-06-05,B77W,3080.6675000000005,3
747,2020-06-05,A320,2096.457222222222,4
748,2020-06-06,,20848.635277777845,1
749,2020-06-06,B738,3361.4169444444447,2
750,2020-06-06,B77W,3184.4380555555554,3
751,2020-06-06,A320,1894.9472222222237,4
752,2020-06-07,,21527.23750000003,1
753,2020-06-07,B738,3672.0691666666644,2
754,2020-06-07,B77W,3183.9897222222216,3
755,2020-06-07,B737,2108.43888888889,4
756,2020-06-08,,22525.222777777806,1
757,2020-06-08,B738,3821.948611111108,2
758,2020-06-08,B77W,2715.258333333333,3
759,2020-06-08,B737,2288.9316666666664,4
760,2020-06-09,,21787.33722222221,1
761,2020-06-09,B738,3654.4219444444416,2
762,2020-06-09,B77W,2759.545833333333,3
763,2020-06-09,B737,2109.372222222223,4
764,2020-06-10,,23490.578611111057,1
765,2020-06-10,B738,3817.644722222224,2
766,2020-06-10,B77W,2946.6788888888905,3
767,2020-06-10,B737,2169.1638888888897,4
768,2020-06-11,,26365.45027777788,1
769,2020-06-11,B738,4050.687222222228,2
770,2020-06-11,B77W,2959.2894444444446,3
771,2020-06-11,B737,2314.358888888891,4
772,2020-06-12,,29085.564166666696,1
773,2020-06-12,B738,4237.513055555553,2
774,2020-06-12,B77W,2927.755,3
775,2020-06-12,A320,2455.84,4
776,2020-06-13,,25464.866111111103,1
777,2020-06-13,B738,3836.101666666673,2
778,2020-06-13,B77W,2965.0366666666655,3
779,2020-06-13,B737,2298.515833333333,4
780,2020-06-14,,24413.238055555572,1
781,2020-06-14,B738,4182.419166666664,2
782,2020-06-14,B77W,2988.2233333333343,3
783,2020-06-14,B737,2542.780555555554,4
784,2020-06-15,,25296.822222222218,1
785,2020-06-15,B738,4322.967777777779,2
786,2020-06-15,B77W,2789.9674999999993,3
787,2020-06-15,A320,2644.22861111111,4
788,2020-06-16,,23110.646388888934,1
789,2020-06-16,B738,3731.3702777777753,2
790,2020-06-16,B737,2253.7480555555567,3
791,2020-06-16,B77W,2154.662777777778,4
792,2020-06-17,,26138.957499999975,1
793,2020-06-17,B738,4026.9641666666635,2
794,2020-06-17,B77W,2995.9930555555547,3
795,2020-06-17,B737,2443.1919444444466,4
796,2020-06-18,,27351.49861111106,1
797,2020-06-18,B738,4411.675277777782,2
798,2020-06-18,B77W,2968.9941666666655,3
799,2020-06-18,B737,2562.2894444444464,4
800,2020-06-19,,27905.17972222223,1
801,2020-06-19,B738,4742.792222222218,2
802,2020-06-19,B77W,3064.014444444443,3
803,2020-06-19,A320,2933.590277777778,4
804,2020-06-20,,25100.60305555556,1
805,2020-06-20,B738,4407.120555555557,2
806,2020-06-20,B77W,3153.962777777778,3
807,2020-06-20,A320,2717.322777777778,4
808,2020-06-21,,23617.147222222207,1
809,2020-06-21,B738,4933.595000000001,2
810,2020-06-21,B77W,3182.6658333333335,3
811,2020-06-21,A320,2926.4611111111117,4
812,2020-06-22,,25417.842777777776,1
813,2020-06-22,B738,5020.172777777776,2
814,2020-06-22,A320,3033.391944444444,3
815,2020-06-22,B737,2925.6647222222227,4
816,2020-06-23,,25373.800833333393,1
817,2020-06-23,B738,4863.860277777772,2
818,2020-06-23,B737,2842.7930555555545,3
819,2020-06-23,B77W,2725.488333333334,4
820,2020-06-24,,28614.880277777782,1
821,2020-06-24,B738,4845.835833333329,2
822,2020-06-24,B77W,3167.6750000000015,3
823,2020-06-24,A320,2737.1452777777786,4
824,2020-06-25,,29987.334999999952,1
825,2020-06-25,B738,4919.465833333334,2
826,2020-06-25,A320,3110.2366666666708,3
827,2020-06-25,B77W,3090.250833333333,4
828,2020-06-26,,30747.473333333284,1
829,2020-06-26,B738,5381.218055555558,2
830,2020-06-26,A320,3447.1094444444443,3
831,2020-06-26,B77W,3138.4700000000003,4
832,2020-06-27,,26194.973333333335,1
833,2020-06-27,B738,5401.378888888896,2
834,2020-06-27,A320,3231.322222222224,3
835,2020-06-27,B77W,3164.255277777778,4
836,2020-06-28,,23739.46527777776,1
837,2020-06-28,B738,5410.173888888893,2
838,2020-06-28,A320,3553.9569444444464,3
839,2020-06-28,B77W,2966.546388888889,4
840,2020-06-29,,24649.635277777787,1
841,2020-06-29,B738,5401.830833333329,2
842,2020-06-29,A320,3432.015555555554,3
843,2020-06-29,B737,3085.310555555555,4
844,2020-06-30,,25451.606666666692,1
845,2020-06-30,B738,5232.359722222218,2
846,2020-06-30,B737,2953.8905555555584,3
847,2020-06-30,A320,2836.8458333333347,4
848,2020-07-01,,16659.601944444465,1
849,2020-07-01,B738,7948.712222222224,2
850,2020-07-01,A320,4672.211666666657,3
851,2020-07-01,B77W,3378.464722222223,4
852,2020-07-02,,19628.441111111115,1
853,2020-07-02,B738,8398.720555555563,2
854,2020-07-02,A320,5155.887500000003,3
855,2020-07-02,B77W,3427.508333333333,4
856,2020-07-03,,19736.276388888895,1
857,2020-07-03,B738,9131.933888888885,2
858,2020-07-03,A320,5765.149166666668,3
859,2020-07-03,B77W,3604.7647222222204,4
860,2020-07-04,,13234.8497222222,1
861,2020-07-04,B738,9045.66638888889,2
862,2020-07-04,A320,5531.498888888889,3
863,2020-07-04,B77W,3590.255000000001,4
864,2020-07-05,,16212.258055555554,1
865,2020-07-05,B738,9311.108333333326,2
866,2020-07-05,A320,5833.764166666671,3
867,2020-07-05,B77W,3526.693888888887,4
868,2020-07-06,,16927.668333333324,1
869,2020-07-06,B738,8859.378611111102,2
870,2020-07-06,A320,5842.635277777768,3
871,2020-07-06,B737,3460.546944444445,4
872,2020-07-07,,15754.840833333355,1
873,2020-07-07,B738,8778.724999999991,2
874,2020-07-07,A320,5305.28611111111,3
875,2020-07-07,B737,3295.6063888888875,4
876,2020-07-08,,16832.93361111115,1
877,2020-07-08,B738,9043.927222222223,2
878,2020-07-08,A320,5449.7775000000065,3
879,2020-07-08,B77W,3337.4272222222244,4
880,2020-07-09,,18056.3733333333,1
881,2020-07-09,B738,9434.07666666667,2
882,2020-07-09,A320,5658.945555555554,3
883,2020-07-09,B737,3404.493333333334,4
884,2020-07-10,,17647.186666666676,1
885,2020-07-10,B738,10734.809444444449,2
886,2020-07-10,A320,6438.959166666669,3
887,2020-07-10,A321,3590.4825000000023,4
888,2020-07-11,,17604.244166666635,1
889,2020-07-11,B738,10499.110000000004,2
890,2020-07-11,A320,6217.2133333333295,3
891,2020-07-11,A321,3680.9444444444443,4
892,2020-07-12,,17528.530555555553,1
893,2020-07-12,B738,10511.232777777777,2
894,2020-07-12,A320,6418.695555555551,3
895,2020-07-12,A321,3608.656944444446,4
896,2020-07-13,,17668.630555555526,1
897,2020-07-13,B738,9872.049999999994,2
898,2020-07-13,A320,6341.486666666667,3
899,2020-07-13,B737,3640.6861111111093,4
900,2020-07-14,,18205.49111111112,1
901,2020-07-14,B738,9268.572777777768,2
902,2020-07-14,A320,5634.986111111112,3
903,2020-07-14,B737,3326.84333333333,4
904,2020-07-15,,18462.722499999974,1
905,2020-07-15,B738,9547.215277777785,2
906,2020-07-15,A320,5819.567499999999,3
907,2020-07-15,B77W,3569.0458333333318,4
908,2020-07-16,,19365.950833333354,1
909,2020-07-16,B738,10168.667500000012,2
910,2020-07-16,A320,6349.578055555556,3
911,2020-07-16,B737,3568.973333333333,4
912,2020-07-17,,19951.684999999976,1
913,2020-07-17,B738,11498.181666666671,2
914,2020-07-17,A320,6932.590277777776,3
915,2020-07-17,A321,3799.2286111111125,4
916,2020-07-18,,19615.328888888882,1
917,2020-07-18,B738,11628.801388888858,2
918,2020-07-18,A320,6967.659166666666,3
919,2020-07-18,A321,3765.6113888888885,4
920,2020-07-19,,17648.902499999982,1
921,2020-07-19,B738,11027.092222222213,2
922,2020-07-19,A320,6638.736111111111,3
923,2020-07-19,A321,3604.493055555552,4
924,2020-07-20,,18035.26361111106,1
925,2020-07-20,B738,10760.120277777773,2
926,2020-07-20,A320,6988.431666666672,3
927,2020-07-20,B737,3648.2638888888914,4
928,2020-07-21,,17240.543333333313,1
929,2020-07-21,B738,10301.100277777761,2
930,2020-07-21,A320,5820.832500000005,3
931,2020-07-21,B737,3385.035555555556,4
932,2020-07-22,,16620.008333333357,1
933,2020-07-22,B738,10134.751111111109,2
934,2020-07-22,A320,5980.9930555555575,3
935,2020-07-22,B77W,3653.7136111111117,4
936,2020-07-23,,17285.188888888904,1
937,2020-07-23,B738,10324.304444444455,2
938,2020-07-23,A320,6100.178333333332,3
939,2020-07-23,B737,3542.984722222223,4
940,2020-07-24,,19704.3788888889,1
941,2020-07-24,B738,11801.870833333318,2
942,2020-07-24,A320,7154.55750000001,3
943,2020-07-24,B77W,3836.006666666667,4
944,2020-07-25,,19962.589722222216,1
945,2020-07-25,B738,12164.80861111112,2
946,2020-07-25,A320,7324.968611111105,3
947,2020-07-25,B77W,3796.0847222222205,4
948,2020-07-26,,18171.786111111127,1
949,2020-07-26,B738,11789.18916666662,2
950,2020-07-26,A320,7157.978055555555,3
951,2020-07-26,A321,3647.50138888889,4
952,2020-07-27,,16599.1877777778,1
953,2020-07-27,B738,10701.425555555537,2
954,2020-07-27,A320,6834.682777777772,3
955,2020-07-27,B737,3587.2719444444456,4
956,2020-07-28,,17374.987222222175,1
957,2020-07-28,B738,10104.080833333319,2
958,2020-07-28,A320,5728.556666666662,3
959,2020-07-28,B737,3381.222777777778,4
960,2020-07-29,,18460.735833333318,1
961,2020-07-29,B738,10026.451944444429,2
962,2020-07-29,A320,5873.151944444448,3
963,2020-07-29,B77W,3574.8280555555557,4
964,2020-07-30,,15028.889444444445,1
965,2020-07-30,B738,9035.39361111112,2
966,2020-07-30,A320,5710.46861111111,3
967,2020-07-30,B737,3055.91361111111,4
968,2020-07-31,,20255.348055555532,1
969,2020-07-31,B738,11328.418888888893,2
970,2020-07-31,A320,7048.449722222222,3
971,2020-07-31,B77W,3619.8136111111107,4
972,2020-08-01,,18779.053333333373,1
973,2020-08-01,B738,12894.689444444444,2
974,2020-08-01,A320,8147.9483333333355,3
975,2020-08-01,A321,3813.8050000000007,4
976,2020-08-02,,16033.439722222203,1
977,2020-08-02,B738,12877.593611111102,2
978,2020-08-02,A320,7922.838055555547,3
979,2020-08-02,B77W,3754.28527777778,4
980,2020-08-03,,16219.2038888889,1
981,2020-08-03,B738,12642.642777777777,2
982,2020-08-03,A320,7672.911388888888,3
983,2020-08-03,B737,3617.630000000002,4
984,2020-08-04,,15763.218333333316,1
985,2020-08-04,B738,11175.215833333355,2
986,2020-08-04,A320,6551.451111111107,3
987,2020-08-04,B77W,3294.559444444445,4
988,2020-08-05,,18955.597500000003,1
989,2020-08-05,B738,11157.505277777782,2
990,2020-08-05,A320,6587.076388888885,3
991,2020-08-05,B77W,3577.630000000002,4
992,2020-08-06,,19294.463611111074,1
993,2020-08-06,B738,12089.51250000002,2
994,2020-08-06,A320,7004.01888888889,3
995,2020-08-06,B77W,3657.096111111112,4
996,2020-08-07,,20037.9486111111,1
997,2020-08-07,B738,13093.614444444405,2
998,2020-08-07,A320,7722.679166666656,3
999,2020-08-07,B77W,3807.6288888888866,4
1000,2020-08-08,,19469.3313888889,1
1001,2020-08-08,B738,13313.681111111106,2
1002,2020-08-08,A320,7965.544444444444,3
1003,2020-08-08,B77W,3738.6691666666648,4
1004,2020-08-09,,19502.521666666686,1
1005,2020-08-09,B738,13150.878333333356,2
1006,2020-08-09,A320,7936.3405555555655,3
1007,2020-08-09,B77W,3780.2616666666663,4
1008,2020-08-10,,17971.061111111056,1
1009,2020-08-10,B738,12494.819444444456,2
1010,2020-08-10,A320,7410.080555555553,3
1011,2020-08-10,B737,3657.294166666664,4
1012,2020-08-11,,17655.37027777777,1
1013,2020-08-11,B738,11436.032499999998,2
1014,2020-08-11,A320,6264.636666666672,3
1015,2020-08-11,B737,3616.890277777775,4
1016,2020-08-12,,18102.08250000006,1
1017,2020-08-12,B738,11269.929444444451,2
1018,2020-08-12,A320,6438.4794444444415,3
1019,2020-08-12,B77W,3715.9883333333337,4
1020,2020-08-13,,19133.248333333366,1
1021,2020-08-13,B738,12034.05194444444,2
1022,2020-08-13,A320,6917.481944444427,3
1023,2020-08-13,B737,3708.7461111111106,4
1024,2020-08-14,,19394.123055555574,1
1025,2020-08-14,B738,12911.543055555554,2
1026,2020-08-14,A320,7549.251666666665,3
1027,2020-08-14,B77W,3694.350555555555,4
1028,2020-08-15,,17035.35166666667,1
1029,2020-08-15,B738,11879.131111111119,2
1030,2020-08-15,A320,7004.665833333333,3
1031,2020-08-15,B77W,3428.8122222222228,4
1032,2020-08-16,,17005.274166666677,1
1033,2020-08-16,B738,12962.075833333345,2
1034,2020-08-16,A320,7916.232222222221,3
1035,2020-08-16,B77W,3773.9558333333325,4
1036,2020-08-17,,17352.70944444441,1
1037,2020-08-17,B738,12422.973611111123,2
1038,2020-08-17,A320,7442.8197222222225,3
1039,2020-08-17,B737,3817.3783333333313,4
1040,2020-08-18,,18266.333055555526,1
1041,2020-08-18,B738,11157.238888888893,2
1042,2020-08-18,A320,6191.343055555563,3
1043,2020-08-18,B737,3555.0999999999995,4
1044,2020-08-19,,18355.185277777793,1
1045,2020-08-19,B738,11224.645000000008,2
1046,2020-08-19,A320,6181.83861111111,3
1047,2020-08-19,B77W,3666.6797222222212,4
1048,2020-08-20,,19560.528888888908,1
1049,2020-08-20,B738,11994.986388888894,2
1050,2020-08-20,A320,6796.836944444446,3
1051,2020-08-20,B77W,3769.9024999999997,4
1052,2020-08-21,,18825.41972222222,1
1053,2020-08-21,B738,12964.611388888894,2
1054,2020-08-21,A320,7410.609722222232,3
1055,2020-08-21,B77W,3753.104999999999,4
1056,2020-08-22,,17355.096666666635,1
1057,2020-08-22,B738,12830.622500000005,2
1058,2020-08-22,A320,7501.864999999996,3
1059,2020-08-22,B77W,3868.0016666666666,4
1060,2020-08-23,,17440.815555555528,1
1061,2020-08-23,B738,12998.811111111081,2
1062,2020-08-23,A320,7784.283333333329,3
1063,2020-08-23,B77W,3893.7452777777776,4
1064,2020-08-24,,15745.153611111093,1
1065,2020-08-24,B738,12483.79194444447,2
1066,2020-08-24,A320,7259.823055555542,3
1067,2020-08-24,B737,3759.3125000000027,4
1068,2020-08-25,,16003.385833333334,1
1069,2020-08-25,B738,11378.772499999985,2
1070,2020-08-25,A320,6290.025833333331,3
1071,2020-08-25,B77W,3520.0936111111105,4
1072,2020-08-26,,17834.52666666666,1
1073,2020-08-26,B738,11378.09444444445,2
1074,2020-08-26,A320,6343.998333333337,3
1075,2020-08-26,B77W,3828.3641666666663,4
1076,2020-08-27,,17745.766666666717,1
1077,2020-08-27,B738,12002.422222222223,2
1078,2020-08-27,A320,6859.887777777786,3
1079,2020-08-27,B77W,4062.5680555555564,4
1080,2020-08-28,,18115.518333333333,1
1081,2020-08-28,B738,13419.79083333334,2
1082,2020-08-28,A320,7684.932500000003,3
1083,2020-08-28,B77W,4088.5858333333326,4
1084,2020-08-29,,15288.12805555555,1
1085,2020-08-29,B738,13391.825277777789,2
1086,2020-08-29,A320,7802.960555555555,3
1087,2020-08-29,B77W,4023.6166666666663,4
1088,2020-08-30,,18184.095277777764,1
1089,2020-08-30,B738,13532.612222222197,2
1090,2020-08-30,A320,7801.495833333329,3
1091,2020-08-30,B77W,4069.383611111112,4
1092,2020-08-31,,16302.135833333328,1
1093,2020-08-31,B738,12702.093055555579,2
1094,2020-08-31,A320,7041.646111111109,3
1095,2020-08-31,B737,3832.91361111111,4
1096,2020-09-01,,15139.924166666673,1
1097,2020-09-01,B738,11031.44166666667,2
1098,2020-09-01,A320,5995.551111111114,3
1099,2020-09-01,B737,3623.2649999999985,4
1100,2020-09-02,,16463.876666666656,1
1101,2020-09-02,B738,10859.493055555573,2
1102,2020-09-02,A320,5897.160555555551,3
1103,2020-09-02,B77W,3946.36,4
1104,2020-09-03,,19116.448055555604,1
1105,2020-09-03,B738,11601.526388888888,2
1106,2020-09-03,A320,6698.539166666664,3
1107,2020-09-03,B77W,3936.0986111111115,4
1108,2020-09-04,,22716.069722222248,1
1109,2020-09-04,B738,12811.342222222196,2
1110,2020-09-04,A320,7257.267222222219,3
1111,2020-09-04,B77W,4237.351111111111,4
1112,2020-09-05,,20068.88472222227,1
1113,2020-09-05,B738,12405.317222222215,2
1114,2020-09-05,A320,7203.589722222213,3
1115,2020-09-05,B77W,4182.760000000001,4
1116,2020-09-06,,16779.339722222205,1
1117,2020-09-06,B738,11788.466388888908,2
1118,2020-09-06,A320,7167.752500000015,3
1119,2020-09-06,B77W,3720.683333333335,4
1120,2020-09-07,,19314.17888888888,1
1121,2020-09-07,B738,11317.44055555556,2
1122,2020-09-07,A320,6775.608611111103,3
1123,2020-09-07,B77W,3256.3469444444445,4
1124,2020-09-08,,14701.230000000032,1
1125,2020-09-08,B738,10776.782777777787,2
1126,2020-09-08,A320,5475.413611111101,3
1127,2020-09-08,B77W,3518.233055555556,4
1128,2020-09-09,,14031.6141666667,1
1129,2020-09-09,B738,10332.361666666682,2
1130,2020-09-09,A320,5594.8661111111105,3
1131,2020-09-09,B77W,4209.234722222223,4
1132,2020-09-10,,14864.853888888903,1
1133,2020-09-10,B738,11205.50583333336,2
1134,2020-09-10,A320,6340.677777777771,3
1135,2020-09-10,B77W,4155.92472222222,4
1136,2020-09-11,,16886.698333333377,1
1137,2020-09-11,B738,11948.046388888886,2
1138,2020-09-11,A320,7196.9577777777795,3
1139,2020-09-11,B77W,4513.628333333331,4
1140,2020-09-12,,15760.085277777742,1
1141,2020-09-12,B738,11982.005277777773,2
1142,2020-09-12,A320,6965.742500000001,3
1143,2020-09-12,B77W,4310.031111111111,4
1144,2020-09-13,,15726.895833333325,1
1145,2020-09-13,B738,11992.659722222234,2
1146,2020-09-13,A320,7056.269722222223,3
1147,2020-09-13,B77W,4237.526666666666,4
1148,2020-09-14,,16144.154722222233,1
1149,2020-09-14,B738,11130.269166666661,2
1150,2020-09-14,A320,6612.9163888888925,3
1151,2020-09-14,B77W,3565.1611111111115,4
1152,2020-09-15,,17780.968888888914,1
1153,2020-09-15,B738,10222.80333333333,2
1154,2020-09-15,A320,5304.143055555554,3
1155,2020-09-15,B77W,3665.1530555555546,4
1156,2020-09-16,,18018.987777777817,1
1157,2020-09-16,B738,10332.570555555556,2
1158,2020-09-16,A320,5551.854166666663,3
1159,2020-09-16,B77W,4059.71638888889,4
1160,2020-09-17,,16924.189722222243,1
1161,2020-09-17,B738,10764.350833333345,2
1162,2020-09-17,A320,6072.229166666676,3
1163,2020-09-17,B77W,4094.6933333333354,4
1164,2020-09-18,,19023.40777777776,1
1165,2020-09-18,B738,12209.336944444432,2
1166,2020-09-18,A320,7217.838611111105,3
1167,2020-09-18,B77W,4443.508611111109,4
1168,2020-09-19,,19429.31555555556,1
1169,2020-09-19,B738,11866.123055555545,2
1170,2020-09-19,A320,6876.665833333336,3
1171,2020-09-19,B77W,4394.558888888889,4
1172,2020-09-20,,18978.259722222203,1
1173,2020-09-20,B738,12114.437777777792,2
1174,2020-09-20,A320,7290.208888888874,3
1175,2020-09-20,B77W,4356.041111111112,4
1176,2020-09-21,,17608.92638888891,1
1177,2020-09-21,B738,11171.30527777776,2
1178,2020-09-21,A320,6654.6866666666665,3
1179,2020-09-21,B77W,3655.3774999999987,4
1180,2020-09-22,,18059.120833333356,1
1181,2020-09-22,B738,10106.695833333342,2
1182,2020-09-22,A320,5166.154166666665,3
1183,2020-09-22,B77W,3616.171388888888,4
1184,2020-09-23,,19200.961388888878,1
1185,2020-09-23,B738,10184.786944444451,2
1186,2020-09-23,A320,5318.488611111114,3
1187,2020-09-23,B77W,4162.891944444448,4
1188,2020-09-24,,19606.291388888858,1
1189,2020-09-24,B738,10749.573055555584,2
1190,2020-09-24,A320,6086.2230555555525,3
1191,2020-09-24,B77W,4131.1627777777785,4
1192,2020-09-25,,19562.42166666674,1
1193,2020-09-25,B738,12122.513888888894,2
1194,2020-09-25,A320,7141.269999999997,3
1195,2020-09-25,B77W,4579.095555555558,4
1196,2020-09-26,,16921.781944444432,1
1197,2020-09-26,B738,11840.5836111111,2
1198,2020-09-26,A320,6944.798055555566,3
1199,2020-09-26,B77W,4408.177500000001,4
1200,2020-09-27,,16843.06555555554,1
1201,2020-09-27,B738,11909.737499999997,2
1202,2020-09-27,A320,7375.83083333333,3
1203,2020-09-27,B77W,4499.818055555556,4
1204,2020-09-28,,15399.869166666676,1
1205,2020-09-28,B738,11068.266111111097,2
1206,2020-09-28,A320,6736.2136111111195,3
1207,2020-09-28,B77W,3740.624999999998,4
1208,2020-09-29,,15897.682500000003,1
1209,2020-09-29,B738,9920.623888888891,2
1210,2020-09-29,A320,5288.190555555554,3
1211,2020-09-29,B77W,4002.4402777777786,4
1212,2020-09-30,,18487.590833333303,1
1213,2020-09-30,B738,10218.395555555573,2
1214,2020-09-30,A320,5461.446666666676,3
1215,2020-09-30,B77W,4161.898611111114,4
1216,2020-10-01,,36553.17944444444,1
1217,2020-10-01,B738,8186.416388888887,2
1218,2020-10-01,A320,5739.146666666662,3
1219,2020-10-01,B77W,3784.2280555555553,4
1220,2020-10-02,,36848.12749999993,1
1221,2020-10-02,B738,9364.851944444454,2
1222,2020-10-02,A320,6231.15527777777,3
1223,2020-10-02,B77W,4001.8877777777748,4
1224,2020-10-03,,35299.280000000166,1
1225,2020-10-03,B738,9072.19527777778,2
1226,2020-10-03,A320,5905.30055555555,3
1227,2020-10-03,B77W,3977.039444444443,4
1228,2020-10-04,,33811.5572222222,1
1229,2020-10-04,B738,9254.517500000013,2
1230,2020-10-04,A320,6139.451666666666,3
1231,2020-10-04,B77W,3791.2097222222224,4
1232,2020-10-05,,32250.06277777782,1
1233,2020-10-05,B738,8562.517499999987,2
1234,2020-10-05,A320,5723.241111111107,3
1235,2020-10-05,B77W,3061.050000000001,4
1236,2020-10-06,,32758.31638888891,1
1237,2020-10-06,B738,7414.740833333331,2
1238,2020-10-06,A320,4574.075833333332,3
1239,2020-10-06,B77W,3231.4591666666665,4
1240,2020-10-07,,33466.65833333337,1
1241,2020-10-07,B738,7464.330833333343,2
1242,2020-10-07,A320,4521.327500000001,3
1243,2020-10-07,B77W,3487.202499999999,4
1244,2020-10-08,,36245.565555555506,1
1245,2020-10-08,B738,8246.08916666667,2
1246,2020-10-08,A320,5557.148333333327,3
1247,2020-10-08,B77W,3644.4000000000005,4
1248,2020-10-09,,37525.0394444445,1
1249,2020-10-09,B738,9701.981388888886,2
1250,2020-10-09,A320,5935.586944444443,3
1251,2020-10-09,B77W,3920.8372222222215,4
1252,2020-10-10,,32463.87972222219,1
1253,2020-10-10,B738,9604.415833333333,2
1254,2020-10-10,A320,6014.640833333336,3
1255,2020-10-10,B77W,4010.1069444444447,4
1256,2020-10-11,,31652.17305555558,1
1257,2020-10-11,B738,9495.229166666664,2
1258,2020-10-11,A320,6081.5583333333325,3
1259,2020-10-11,B77W,3808.2813888888904,4
1260,2020-10-12,,30097.045277777706,1
1261,2020-10-12,B738,8842.336666666673,2
1262,2020-10-12,A320,5680.895277777781,3
1263,2020-10-12,B77W,3311.7111111111108,4
1264,2020-10-13,,31980.72638888886,1
1265,2020-10-13,B738,7748.95583333334,2
1266,2020-10-13,A320,4442.016388888892,3
1267,2020-10-13,B77W,3505.055555555556,4
1268,2020-10-14,,35721.7133333333,1
1269,2020-10-14,B738,7800.272222222229,2
1270,2020-10-14,A320,4419.523611111116,3
1271,2020-10-14,B77W,3757.426111111111,4
1272,2020-10-15,,35351.15527777771,1
1273,2020-10-15,B738,8387.361666666668,2
1274,2020-10-15,A320,5351.562222222219,3
1275,2020-10-15,B77W,3920.468055555555,4
1276,2020-10-16,,36945.04194444466,1
1277,2020-10-16,B738,9682.729999999998,2
1278,2020-10-16,A320,6205.91888888888,3
1279,2020-10-16,B77W,4115.373888888888,4
1280,2020-10-17,,35643.51583333336,1
1281,2020-10-17,B738,9531.111944444434,2
1282,2020-10-17,A320,5975.629999999996,3
1283,2020-10-17,B77W,4062.9955555555534,4
1284,2020-10-18,,34746.38611111114,1
1285,2020-10-18,B738,9605.837500000012,2
1286,2020-10-18,A320,6105.933055555549,3
1287,2020-10-18,B77W,3983.2086111111103,4
1288,2020-10-19,,31285.623888888877,1
1289,2020-10-19,B738,8830.711111111115,2
1290,2020-10-19,A320,5726.978333333338,3
1291,2020-10-19,B77W,3481.957222222223,4
1292,2020-10-20,,30590.504722222307,1
1293,2020-10-20,B738,7644.004999999999,2
1294,2020-10-20,A320,4524.21111111111,3
1295,2020-10-20,B77W,3703.6455555555567,4
1296,2020-10-21,,32245.307222222153,1
1297,2020-10-21,B738,7421.431666666662,2
1298,2020-10-21,A320,4338.30444444445,3
1299,2020-10-21,B77W,3956.873888888891,4
1300,2020-10-22,,34878.24388888895,1
1301,2020-10-22,B738,8179.42333333333,2
1302,2020-10-22,A320,5313.601388888889,3
1303,2020-10-22,B77W,3962.5922222222234,4
1304,2020-10-23,,34110.61249999994,1
1305,2020-10-23,B738,9304.765555555567,2
1306,2020-10-23,A320,6052.839999999994,3
1307,2020-10-23,B77W,4180.34,4
1308,2020-10-24,,32149.28333333338,1
1309,2020-10-24,B738,9244.408055555561,2
1310,2020-10-24,A320,5849.321944444437,3
1311,2020-10-24,B77W,4160.649444444444,4
1312,2020-10-25,,31494.016388888856,1
1313,2020-10-25,B738,8816.829166666652,2
1314,2020-10-25,A320,5890.663333333333,3
1315,2020-10-25,B77W,4007.2644444444445,4
1316,2020-10-26,,27055.067222222275,1
1317,2020-10-26,B738,8283.326944444445,2
1318,2020-10-26,A320,5422.691944444451,3
1319,2020-10-26,B77W,3662.336388888888,4
1320,2020-10-27,,29010.950277777774,1
1321,2020-10-27,B738,6904.1413888888865,2
1322,2020-10-27,A320,4170.36,3
1323,2020-10-27,B77W,3952.7366666666658,4
1324,2020-10-28,,30442.89861111115,1
1325,2020-10-28,B738,7325.596944444438,2
1326,2020-10-28,A320,4253.138611111112,3
1327,2020-10-28,B77W,4218.8200000000015,4
1328,2020-10-29,,31266.92055555557,1
1329,2020-10-29,B738,7781.646666666664,2
1330,2020-10-29,A320,5124.249166666665,3
1331,2020-10-29,B77W,4182.532222222223,4
1332,2020-10-30,,36886.02555555556,1
1333,2020-10-30,B738,9160.835277777773,2
1334,2020-10-30,A320,5672.907777777779,3
1335,2020-10-30,B77W,4455.040277777776,4
1336,2020-10-31,,36636.971111111096,1
1337,2020-10-31,B738,8436.094722222228,2
1338,2020-10-31,A320,5314.326111111112,3
1339,2020-10-31,B77W,4438.5794444444455,4
1340,2020-11-01,,30758.438888888915,1
1341,2020-11-01,B738,8510.57527777777,2
1342,2020-11-01,A320,5709.478055555552,3
1343,2020-11-01,B77W,4281.665555555557,4
1344,2020-11-02,,31381.901944444468,1
1345,2020-11-02,B738,8457.841944444439,2
1346,2020-11-02,A320,5179.443611111108,3
1347,2020-11-02,B77W,3696.7780555555564,4
1348,2020-11-03,,32217.981111111145,1
1349,2020-11-03,B738,6939.637222222216,2
1350,2020-11-03,A320,4036.9430555555564,3
1351,2020-11-03,B77W,3747.64111111111,4
1352,2020-11-04,,34408.99555555545,1
1353,2020-11-04,B738,7160.206666666669,2
1354,2020-11-04,B77W,4229.177222222222,3
1355,2020-11-04,A320,4007.3611111111127,4
1356,2020-11-05,,36039.82055555552,1
1357,2020-11-05,B738,7580.745000000016,2
1358,2020-11-05,A320,4598.432777777783,3
1359,2020-11-05,B77W,4257.341666666669,4
1360,2020-11-06,,36832.292777777664,1
1361,2020-11-06,B738,8891.576388888889,2
1362,2020-11-06,A320,5227.7411111111105,3
1363,2020-11-06,B77W,4481.479444444445,4
1364,2020-11-07,,33063.94611111118,1
1365,2020-11-07,B738,8509.920277777768,2
1366,2020-11-07,A320,4878.883333333332,3
1367,2020-11-07,B77W,4456.608333333334,4
1368,2020-11-08,,31662.666111111175,1
1369,2020-11-08,B738,8832.369166666673,2
1370,2020-11-08,A320,5190.673611111112,3
1371,2020-11-08,B77W,4347.995277777778,4
1372,2020-11-09,,30036.408611111063,1
1373,2020-11-09,B738,8240.375,2
1374,2020-11-09,A320,4609.550277777771,3
1375,2020-11-09,B77W,3615.151666666669,4
1376,2020-11-10,,28475.51333333341,1
1377,2020-11-10,B738,6606.981388888889,2
1378,2020-11-10,B77W,3814.4313888888887,3
1379,2020-11-10,A320,3711.089444444453,4
1380,2020-11-11,,30015.884999999944,1
1381,2020-11-11,B738,6967.5952777777775,2
1382,2020-11-11,B77W,4147.395277777778,3
1383,2020-11-11,A320,3843.406111111114,4
1384,2020-11-12,,31617.56138888888,1
1385,2020-11-12,B738,7227.359166666669,2
1386,2020-11-12,A320,4400.613333333332,3
1387,2020-11-12,B77W,4243.7494444444455,4
1388,2020-11-13,,33721.75555555549,1
1389,2020-11-13,B738,8553.959444444448,2
1390,2020-11-13,A320,4909.3311111111125,3
1391,2020-11-13,B77W,4364.24138888889,4
1392,2020-11-14,,32201.468888888783,1
1393,2020-11-14,B738,8142.482500000002,2
1394,2020-11-14,A320,4568.59944444445,3
1395,2020-11-14,B77W,4554.971666666665,4
1396,2020-11-15,,29610.31583333334,1
1397,2020-11-15,B738,8278.450833333327,2
1398,2020-11-15,A320,4897.992499999997,3
1399,2020-11-15,B77W,4303.477500000003,4
1400,2020-11-16,,31881.24666666668,1
1401,2020-11-16,B738,7986.202777777768,2
1402,2020-11-16,A320,4545.964999999999,3
1403,2020-11-16,B77W,3680.717777777777,4
1404,2020-11-17,,30880.49805555568,1
1405,2020-11-17,B738,6378.423333333336,2
1406,2020-11-17,B77W,3843.8502777777794,3
1407,2020-11-17,A320,3781.6649999999977,4
1408,2020-11-18,,31498.224722222272,1
1409,2020-11-18,B738,6617.300555555559,2
1410,2020-11-18,B77W,4266.515833333334,3
1411,2020-11-18,A320,3780.771666666664,4
1412,2020-11-19,,33137.28833333338,1
1413,2020-11-19,B738,7109.307222222205,2
1414,2020-11-19,A320,4678.231944444444,3
1415,2020-11-19,B77W,4431.123888888889,4
1416,2020-11-20,,37716.94250000008,1
1417,2020-11-20,B738,8043.748611111108,2
1418,2020-11-20,A320,5171.077777777788,3
1419,2020-11-20,B77W,4521.099722222222,4
1420,2020-11-21,,36657.53416666665,1
1421,2020-11-21,B738,7903.993055555563,2
1422,2020-11-21,A320,4951.593055555555,3
1423,2020-11-21,B77W,4659.98,4
1424,2020-11-22,,30673.015277777657,1
1425,2020-11-22,B738,8049.490277777784,2
1426,2020-11-22,A320,5122.691111111115,3
1427,2020-11-22,B77W,4436.0902777777765,4
1428,2020-11-23,,30344.72388888883,1
1429,2020-11-23,B738,7415.549166666669,2
1430,2020-11-23,A320,4725.544722222225,3
1431,2020-11-23,B737,3660.372222222223,4
1432,2020-11-24,,32368.789722222158,1
1433,2020-11-24,B738,6907.608888888892,2
1434,2020-11-24,A320,4391.0916666666635,3
1435,2020-11-24,B737,3861.290000000001,4
1436,2020-11-25,,32239.528611111084,1
1437,2020-11-25,B738,7136.210277777773,2
1438,2020-11-25,A320,4588.271666666666,3
1439,2020-11-25,B77W,4330.717222222223,4
1440,2020-11-26,,23556.306111111167,1
1441,2020-11-26,B738,6320.762777777786,2
1442,2020-11-26,B77W,4344.720833333333,3
1443,2020-11-26,A320,4108.177500000006,4
1444,2020-11-27,,29182.01138888888,1
1445,2020-11-27,B738,7152.787222222219,2
1446,2020-11-27,A320,4515.283611111109,3
1447,2020-11-27,B77W,4392.538611111111,4
1448,2020-11-28,,33096.96138888888,1
1449,2020-11-28,B738,7908.839166666674,2
1450,2020-11-28,A320,5109.13555555556,3
1451,2020-11-28,B77W,4513.486666666668,4
1452,2020-11-29,,35455.60361111116,1
1453,2020-11-29,B738,8305.760555555558,2
1454,2020-11-29,A320,5340.245555555565,3
1455,2020-11-29,B77W,4115.507499999998,4
1456,2020-11-30,,25010.27972222218,1
1457,2020-11-30,B738,7203.375555555553,2
1458,2020-11-30,A320,4563.964444444449,3
1459,2020-11-30,B737,3469.3830555555537,4
